ID,target_proba,target_pred
7599,0.02564102564102564,0
7600,0.696969696969697,1
7601,0.33112582781456956,0
7602,0.2756756756756757,0
7603,0.2756756756756757,0
7604,0.5254237288135594,1
7605,0.19718309859154928,0
7606,0.33112582781456956,0
7607,0.19718309859154928,0
7608,0.2756756756756757,0
7609,0.33112582781456956,0
7610,0.2756756756756757,0
7611,0.5254237288135594,1
7612,0.2962962962962963,0
7613,0.17721518987341772,0
7614,0.7272727272727273,1
7615,0.5254237288135594,1
7616,0.5254237288135594,1
7617,0.33112582781456956,0
7618,0.33112582781456956,0
7619,0.13157894736842105,0
7620,0.5254237288135594,1
7621,0.33112582781456956,0
7622,0.17721518987341772,0
7623,0.2756756756756757,0
7624,0.0,0
7625,0.02564102564102564,0
7626,0.2756756756756757,0
7627,0.5254237288135594,1
7628,0.5254237288135594,1
7629,0.17721518987341772,0
7630,0.33112582781456956,0
7631,0.696969696969697,1
7632,0.5254237288135594,1
7633,0.2756756756756757,0
7634,0.7272727272727273,1
7635,0.2756756756756757,0
7636,0.125,0
7637,0.02564102564102564,0
7638,0.17721518987341772,0
7639,0.2756756756756757,0
7640,0.2756756756756757,0
7641,0.19672131147540983,0
7642,0.33112582781456956,0
7643,0.19672131147540983,0
7644,0.5254237288135594,1
7645,0.2756756756756757,0
7646,0.19672131147540983,0
7647,0.17721518987341772,0
7648,0.7222222222222222,1
7649,0.2756756756756757,0
7650,0.13157894736842105,0
7651,0.5555555555555556,1
7652,0.33112582781456956,0
7653,0.027777777777777776,0
7654,0.33112582781456956,0
7655,0.027777777777777776,0
7656,0.7272727272727273,1
7657,0.02564102564102564,0
7658,0.19718309859154928,0
7659,0.17721518987341772,0
7660,0.2756756756756757,0
7661,0.7272727272727273,1
7662,0.17721518987341772,0
7663,0.19672131147540983,0
7664,0.5254237288135594,1
7665,0.7272727272727273,1
7666,0.14285714285714285,0
7667,0.2756756756756757,0
7668,0.33112582781456956,0
7669,0.7272727272727273,1
7670,0.5254237288135594,1
7671,0.2756756756756757,0
7672,0.02564102564102564,0
7673,0.17721518987341772,0
7674,0.17721518987341772,0
7675,0.2756756756756757,0
7676,0.027777777777777776,0
7677,0.2756756756756757,0
7678,0.5254237288135594,1
7679,0.19718309859154928,0
7680,0.33112582781456956,0
7681,0.2756756756756757,0
7682,0.2756756756756757,0
7683,0.0,0
7684,0.5079365079365079,1
7685,0.33112582781456956,0
7686,0.33112582781456956,0
7687,0.19672131147540983,0
7688,0.125,0
7689,0.7272727272727273,1
7690,0.2756756756756757,0
7691,0.1451225252512772,0
7692,0.2756756756756757,0
7693,0.02564102564102564,0
7694,0.0,0
7695,0.19718309859154928,0
7696,0.2962962962962963,0
7697,0.14285714285714285,0
7698,0.5254237288135594,1
7699,0.3928691543860267,0
7700,0.7272727272727273,1
7701,0.33112582781456956,0
7702,0.5079365079365079,1
7703,0.17721518987341772,0
7704,0.33112582781456956,0
7705,0.7272727272727273,1
7706,0.17721518987341772,0
7707,0.17721518987341772,0
7708,0.7272727272727273,1
7709,0.33112582781456956,0
7710,0.2756756756756757,0
7711,0.5254237288135594,1
7712,0.2756756756756757,0
7713,0.5254237288135594,1
7714,0.2756756756756757,0
7715,0.5254237288135594,1
7716,0.19672131147540983,0
7717,0.2756756756756757,0
7718,0.17721518987341772,0
7719,0.2756756756756757,0
7720,0.5079365079365079,1
7721,0.5254237288135594,1
7722,0.14285714285714285,0
7723,0.027777777777777776,0
7724,0.125,0
7725,0.7222222222222222,1
7726,0.2756756756756757,0
7727,0.125,0
7728,0.2962962962962963,0
7729,0.125,0
7730,0.33112582781456956,0
7731,0.5254237288135594,1
7732,0.5254237288135594,1
7733,0.2756756756756757,0
7734,0.5254237288135594,1
7735,0.19672131147540983,0
7736,0.14285714285714285,0
7737,0.14285714285714285,0
7738,0.0,0
7739,0.125,0
7740,0.2756756756756757,0
7741,0.2756756756756757,0
7742,0.19718309859154928,0
7743,0.33112582781456956,0
7744,0.7222222222222222,1
7745,0.5254237288135594,1
7746,0.2756756756756757,0
7747,0.5254237288135594,1
7748,0.125,0
7749,0.2756756756756757,0
7750,0.2756756756756757,0
7751,0.125,0
7752,0.14285714285714285,0
7753,0.7222222222222222,1
7754,0.14285714285714285,0
7755,0.2756756756756757,0
7756,0.17721518987341772,0
7757,0.5254237288135594,1
7758,0.33112582781456956,0
7759,0.14285714285714285,0
7760,0.027777777777777776,0
7761,0.5254237288135594,1
7762,0.17721518987341772,0
7763,0.027777777777777776,0
7764,0.5254237288135594,1
7765,0.5079365079365079,1
7766,0.5079365079365079,1
7767,0.2756756756756757,0
7768,0.5254237288135594,1
7769,0.2756756756756757,0
7770,0.2756756756756757,0
7771,0.0,0
7772,0.5254237288135594,1
7773,0.17721518987341772,0
7774,0.7222222222222222,1
7775,0.696969696969697,1
7776,0.2756756756756757,0
7777,0.7222222222222222,1
7778,0.7222222222222222,1
7779,0.2756756756756757,0
7780,0.2756756756756757,0
7781,0.19718309859154928,0
7782,0.5079365079365079,1
7783,0.2756756756756757,0
7784,0.5254237288135594,1
7785,0.33112582781456956,0
7786,0.2756756756756757,0
7787,0.02564102564102564,0
7788,0.2962962962962963,0
7789,0.5079365079365079,1
7790,0.2756756756756757,0
7791,0.696969696969697,1
7792,0.19672131147540983,0
7793,0.2756756756756757,0
7794,0.027777777777777776,0
7795,0.5254237288135594,1
7796,0.2756756756756757,0
7797,0.19718309859154928,0
7798,0.02564102564102564,0
7799,0.33112582781456956,0
7800,0.125,0
7801,0.0,0
7802,0.19672131147540983,0
7803,0.19718309859154928,0
7804,0.5254237288135594,1
7805,0.33112582781456956,0
7806,0.2756756756756757,0
7807,0.2962962962962963,0
7808,0.17721518987341772,0
7809,0.5079365079365079,1
7810,0.17721518987341772,0
7811,0.33112582781456956,0
7812,0.5555555555555556,1
7813,0.2756756756756757,0
7814,0.33112582781456956,0
7815,0.703286861246746,1
7816,0.2962962962962963,0
7817,0.0,0
7818,0.2756756756756757,0
7819,0.33112582781456956,0
7820,0.2756756756756757,0
7821,0.17721518987341772,0
7822,0.5254237288135594,1
7823,0.2756756756756757,0
7824,0.5254237288135594,1
7825,0.33112582781456956,0
7826,0.2756756756756757,0
7827,0.13157894736842105,0
7828,0.2756756756756757,0
7829,0.33112582781456956,0
7830,0.19718309859154928,0
7831,0.7272727272727273,1
7832,0.696969696969697,1
7833,0.7272727272727273,1
7834,0.5254237288135594,1
7835,0.13157894736842105,0
7836,0.696969696969697,1
7837,0.2756756756756757,0
7838,0.125,0
7839,0.19718309859154928,0
7840,0.5254237288135594,1
7841,0.02564102564102564,0
7842,0.7272727272727273,1
7843,0.2756756756756757,0
7844,0.17721518987341772,0
7845,0.02564102564102564,0
7846,0.0,0
7847,0.2756756756756757,0
7848,0.13157894736842105,0
7849,0.13157894736842105,0
7850,0.2756756756756757,0
7851,0.19718309859154928,0
7852,0.17721518987341772,0
7853,0.2756756756756757,0
7854,0.33112582781456956,0
7855,0.7272727272727273,1
7856,0.02564102564102564,0
7857,0.2756756756756757,0
7858,0.5079365079365079,1
7859,0.7272727272727273,1
7860,0.5079365079365079,1
7861,0.19672131147540983,0
7862,0.19672131147540983,0
7863,0.0,0
7864,0.2962962962962963,0
7865,0.014943163774565468,0
7866,0.2756756756756757,0
7867,0.696969696969697,1
7868,0.125,0
7869,0.2756756756756757,0
7870,0.33112582781456956,0
7871,0.5254237288135594,1
7872,0.17721518987341772,0
7873,0.7237967105129712,1
7874,0.2756756756756757,0
7875,0.17721518987341772,0
7876,0.19718309859154928,0
7877,0.13157894736842105,0
7878,0.2756756756756757,0
7879,0.33112582781456956,0
7880,0.0,0
7881,0.7272727272727273,1
7882,0.5254237288135594,1
7883,0.14285714285714285,0
7884,0.33112582781456956,0
7885,0.125,0
7886,0.125,0
7887,0.5254237288135594,1
7888,0.14285714285714285,0
7889,0.13157894736842105,0
7890,0.0,0
7891,0.2756756756756757,0
7892,0.14285714285714285,0
7893,0.125,0
7894,0.5254237288135594,1
7895,0.2756756756756757,0
7896,0.125,0
7897,0.2756756756756757,0
7898,0.5079365079365079,1
7899,0.125,0
7900,0.33112582781456956,0
7901,0.33112582781456956,0
7902,0.7272727272727273,1
7903,0.19672131147540983,0
7904,0.2756756756756757,0
7905,0.2756756756756757,0
7906,0.2756756756756757,0
7907,0.5254237288135594,1
7908,0.17721518987341772,0
7909,0.7222222222222222,1
7910,0.696969696969697,1
7911,0.33112582781456956,0
7912,0.2756756756756757,0
7913,0.5254237288135594,1
7914,0.027777777777777776,0
7915,0.14285714285714285,0
7916,0.2756756756756757,0
7917,0.125,0
7918,0.7272727272727273,1
7919,0.5254237288135594,1
7920,0.2756756756756757,0
7921,0.19718309859154928,0
7922,0.17721518987341772,0
7923,0.5254237288135594,1
7924,0.7272727272727273,1
7925,0.2756756756756757,0
7926,0.0,0
7927,0.7138673457544072,1
7928,0.2756756756756757,0
7929,0.5254237288135594,1
7930,0.2756756756756757,0
7931,0.33112582781456956,0
7932,0.13157894736842105,0
7933,0.2756756756756757,0
7934,0.33112582781456956,0
7935,0.19718309859154928,0
7936,0.2756756756756757,0
7937,0.2756756756756757,0
7938,0.027777777777777776,0
7939,0.19718309859154928,0
7940,0.2756756756756757,0
7941,0.0,0
7942,0.696969696969697,1
7943,0.13157894736842105,0
7944,0.5254237288135594,1
7945,0.17721518987341772,0
7946,0.19672131147540983,0
7947,0.2756756756756757,0
7948,0.7222222222222222,1
7949,0.02564102564102564,0
7950,0.5254237288135594,1
7951,0.02564102564102564,0
7952,0.33112582781456956,0
7953,0.02564102564102564,0
7954,0.2756756756756757,0
7955,0.14285714285714285,0
7956,0.14285714285714285,0
7957,0.7272727272727273,1
7958,0.19718309859154928,0
7959,0.0,0
7960,0.2962962962962963,0
7961,0.17721518987341772,0
7962,0.33112582781456956,0
7963,0.027777777777777776,0
7964,0.33112582781456956,0
7965,0.015296368325880806,0
7966,0.5079365079365079,1
7967,0.2756756756756757,0
7968,0.2756756756756757,0
7969,0.2756756756756757,0
7970,0.33112582781456956,0
7971,0.2756756756756757,0
7972,0.33112582781456956,0
7973,0.33112582781456956,0
7974,0.02564102564102564,0
7975,0.2756756756756757,0
7976,0.2756756756756757,0
7977,0.19718309859154928,0
7978,0.0,0
7979,0.5254237288135594,1
7980,0.5079365079365079,1
7981,0.5254237288135594,1
7982,0.5254237288135594,1
7983,0.02564102564102564,0
7984,0.5254237288135594,1
7985,0.5254237288135594,1
7986,0.19718309859154928,0
7987,0.027777777777777776,0
7988,0.2756756756756757,0
7989,0.19718309859154928,0
7990,0.5254237288135594,1
7991,0.696969696969697,1
7992,0.696969696969697,1
7993,0.0,0
7994,0.14285714285714285,0
7995,0.5254237288135594,1
7996,0.14285714285714285,0
7997,0.14285714285714285,0
7998,0.125,0
7999,0.7222222222222222,1
8000,0.19672131147540983,0
8001,0.5254237288135594,1
8002,0.125,0
8003,0.2756756756756757,0
8004,0.7272727272727273,1
8005,0.2756756756756757,0
8006,0.7272727272727273,1
8007,0.33112582781456956,0
8008,0.2756756756756757,0
8009,0.5079365079365079,1
8010,0.2756756756756757,0
8011,0.33112582781456956,0
8012,0.19718309859154928,0
8013,0.33112582781456956,0
8014,0.17721518987341772,0
8015,0.0,0
8016,0.19718309859154928,0
8017,0.5079365079365079,1
8018,0.2756756756756757,0
8019,0.17721518987341772,0
8020,0.19718309859154928,0
8021,0.33112582781456956,0
8022,0.17721518987341772,0
8023,0.13157894736842105,0
8024,0.5254237288135594,1
8025,0.7222222222222222,1
8026,0.5254237288135594,1
8027,0.14285714285714285,0
8028,0.2756756756756757,0
8029,0.33112582781456956,0
8030,0.2756756756756757,0
8031,0.2962962962962963,0
8032,0.2756756756756757,0
8033,0.2962962962962963,0
8034,0.2904693354078473,0
8035,0.03790939081250357,0
8036,0.17721518987341772,0
8037,0.027777777777777776,0
8038,0.33112582781456956,0
8039,0.2756756756756757,0
8040,0.02564102564102564,0
8041,0.5555555555555556,1
8042,0.2756756756756757,0
8043,0.2962962962962963,0
8044,0.5254237288135594,1
8045,0.0,0
8046,0.125,0
8047,0.2756756756756757,0
8048,0.125,0
8049,0.33112582781456956,0
8050,0.5254237288135594,1
8051,0.2756756756756757,0
8052,0.19718309859154928,0
8053,0.7272727272727273,1
8054,0.13157894736842105,0
8055,0.17721518987341772,0
8056,0.5254237288135594,1
8057,0.027777777777777776,0
8058,0.02564102564102564,0
8059,0.19718309859154928,0
8060,0.33112582781456956,0
8061,0.2756756756756757,0
8062,0.2756756756756757,0
8063,0.02564102564102564,0
8064,0.2756756756756757,0
8065,0.02564102564102564,0
8066,0.2756756756756757,0
8067,0.19718309859154928,0
8068,0.19718309859154928,0
8069,0.125,0
8070,0.027777777777777776,0
8071,0.2756756756756757,0
8072,0.2756756756756757,0
8073,0.19718309859154928,0
8074,0.19672131147540983,0
8075,0.5555555555555556,1
8076,0.33112582781456956,0
8077,0.17721518987341772,0
8078,0.2756756756756757,0
8079,0.7222222222222222,1
8080,0.5079365079365079,1
8081,0.13157894736842105,0
8082,0.125,0
8083,0.5254237288135594,1
8084,0.5254237288135594,1
8085,0.19718309859154928,0
8086,0.02564102564102564,0
8087,0.17721518987341772,0
8088,0.027777777777777776,0
8089,0.5254237288135594,1
8090,0.14285714285714285,0
8091,0.7272727272727273,1
8092,0.33112582781456956,0
8093,0.02564102564102564,0
8094,0.5079365079365079,1
8095,0.5079365079365079,1
8096,0.13157894736842105,0
8097,0.19672131147540983,0
8098,0.125,0
8099,0.17721518987341772,0
8100,0.17721518987341772,0
8101,0.2756756756756757,0
8102,0.7222222222222222,1
8103,0.125,0
8104,0.19718309859154928,0
8105,0.19672131147540983,0
8106,0.19672131147540983,0
8107,0.2756756756756757,0
8108,0.14285714285714285,0
8109,0.17721518987341772,0
8110,0.5254237288135594,1
8111,0.19672131147540983,0
8112,0.5254237288135594,1
8113,0.17721518987341772,0
8114,0.027777777777777776,0
8115,0.17721518987341772,0
8116,0.5079365079365079,1
8117,0.2756756756756757,0
8118,0.7272727272727273,1
8119,0.2756756756756757,0
8120,0.5254237288135594,1
8121,0.2756756756756757,0
8122,0.2756756756756757,0
8123,0.5254237288135594,1
8124,0.17721518987341772,0
8125,0.027777777777777776,0
8126,0.5254237288135594,1
8127,0.14285714285714285,0
8128,0.125,0
8129,0.2756756756756757,0
8130,0.125,0
8131,0.17721518987341772,0
8132,0.0,0
8133,0.19718309859154928,0
8134,0.5254237288135594,1
8135,0.19718309859154928,0
8136,0.5254237288135594,1
8137,0.17721518987341772,0
8138,0.5079365079365079,1
8139,0.5555555555555556,1
8140,0.19718309859154928,0
8141,0.2756756756756757,0
8142,0.2756756756756757,0
8143,0.0,0
8144,0.027777777777777776,0
8145,0.13157894736842105,0
8146,0.5254237288135594,1
8147,0.5079365079365079,1
8148,0.2756756756756757,0
8149,0.19672131147540983,0
8150,0.5254237288135594,1
8151,0.13188418870049667,0
8152,0.33112582781456956,0
8153,0.19672131147540983,0
8154,0.2962962962962963,0
8155,0.19718309859154928,0
8156,0.13157894736842105,0
8157,0.696969696969697,1
8158,0.027777777777777776,0
8159,0.13157894736842105,0
8160,0.2756756756756757,0
8161,0.33112582781456956,0
8162,0.5079365079365079,1
8163,0.5079365079365079,1
8164,0.5254237288135594,1
8165,0.5079365079365079,1
8166,0.2756756756756757,0
8167,0.17721518987341772,0
8168,0.2756756756756757,0
8169,0.17721518987341772,0
8170,0.5079365079365079,1
8171,0.2962962962962963,0
8172,0.0,0
8173,0.19672131147540983,0
8174,0.7272727272727273,1
8175,0.33112582781456956,0
8176,0.5555555555555556,1
8177,0.125,0
8178,0.6620576086172233,1
8179,0.19718309859154928,0
8180,0.14285714285714285,0
8181,0.0,0
8182,0.33112582781456956,0
8183,0.5254237288135594,1
8184,0.125,0
8185,0.02564102564102564,0
8186,0.33112582781456956,0
8187,0.33112582781456956,0
8188,0.125,0
8189,0.2756756756756757,0
8190,0.33112582781456956,0
8191,0.2756756756756757,0
8192,0.19672131147540983,0
8193,0.17721518987341772,0
8194,0.14285714285714285,0
8195,0.125,0
8196,0.19718309859154928,0
8197,0.5254237288135594,1
8198,0.7272727272727273,1
8199,0.2756756756756757,0
8200,0.5254237288135594,1
8201,0.13157894736842105,0
8202,0.33112582781456956,0
8203,0.33112582781456956,0
8204,0.2756756756756757,0
8205,0.5254237288135594,1
8206,0.7272727272727273,1
8207,0.33112582781456956,0
8208,0.696969696969697,1
8209,0.7222222222222222,1
8210,0.14285714285714285,0
8211,0.14285714285714285,0
8212,0.17721518987341772,0
8213,0.33112582781456956,0
8214,0.2756756756756757,0
8215,0.6372914684374564,1
8216,0.19718309859154928,0
8217,0.33112582781456956,0
8218,0.19672131147540983,0
8219,0.33112582781456956,0
8220,0.2756756756756757,0
8221,0.2756756756756757,0
8222,0.027777777777777776,0
8223,0.13157894736842105,0
8224,0.2756756756756757,0
8225,0.2756756756756757,0
8226,0.33112582781456956,0
8227,0.7272727272727273,1
8228,0.027777777777777776,0
8229,0.5254237288135594,1
8230,0.19718309859154928,0
8231,0.5254237288135594,1
8232,0.17721518987341772,0
8233,0.19672131147540983,0
8234,0.5254237288135594,1
8235,0.5079365079365079,1
8236,0.0,0
8237,0.17721518987341772,0
8238,0.7222222222222222,1
8239,0.7222222222222222,1
8240,0.02564102564102564,0
8241,0.2756756756756757,0
8242,0.5254237288135594,1
8243,0.14285714285714285,0
8244,0.125,0
8245,0.0,0
8246,0.004336213748418109,0
8247,0.2756756756756757,0
8248,0.17721518987341772,0
8249,0.33112582781456956,0
8250,0.7222222222222222,1
8251,0.2756756756756757,0
8252,0.7272727272727273,1
8253,0.5254237288135594,1
8254,0.13157894736842105,0
8255,0.17721518987341772,0
8256,0.33112582781456956,0
8257,0.17721518987341772,0
8258,0.002520597137235175,0
8259,0.2756756756756757,0
8260,0.0,0
8261,0.13157894736842105,0
8262,0.5254237288135594,1
8263,0.5079365079365079,1
8264,0.696969696969697,1
8265,0.33112582781456956,0
8266,0.2756756756756757,0
8267,0.2962962962962963,0
8268,0.2756756756756757,0
8269,0.5079365079365079,1
8270,0.33112582781456956,0
8271,0.18354683654303508,0
8272,0.2756756756756757,0
8273,0.2756756756756757,0
8274,0.17721518987341772,0
8275,0.7222222222222222,1
8276,0.19672131147540983,0
8277,0.125,0
8278,0.696969696969697,1
8279,0.5254237288135594,1
8280,0.17721518987341772,0
8281,0.2756756756756757,0
8282,0.17721518987341772,0
8283,0.5254237288135594,1
8284,0.33112582781456956,0
8285,0.5254237288135594,1
8286,0.2756756756756757,0
8287,0.2756756756756757,0
8288,0.19718309859154928,0
8289,0.5254237288135594,1
8290,0.5254237288135594,1
8291,0.2756756756756757,0
8292,0.14285714285714285,0
8293,0.5079365079365079,1
8294,0.17721518987341772,0
8295,0.02564102564102564,0
8296,0.125,0
8297,0.2962962962962963,0
8298,0.17721518987341772,0
8299,0.5254237288135594,1
8300,0.7272727272727273,1
8301,0.2756756756756757,0
8302,0.17721518987341772,0
8303,0.19672131147540983,0
8304,0.17721518987341772,0
8305,0.33112582781456956,0
8306,0.18929351147329831,0
8307,0.02564102564102564,0
8308,0.2756756756756757,0
8309,0.2756756756756757,0
8310,0.7272727272727273,1
8311,0.2756756756756757,0
8312,0.19718309859154928,0
8313,0.0,0
8314,0.19672131147540983,0
8315,0.02564102564102564,0
8316,0.696969696969697,1
8317,0.14285714285714285,0
8318,0.02564102564102564,0
8319,0.696969696969697,1
8320,0.2756756756756757,0
8321,0.19718309859154928,0
8322,0.33112582781456956,0
8323,0.5254237288135594,1
8324,0.33112582781456956,0
8325,0.2756756756756757,0
8326,0.2756756756756757,0
8327,0.13157894736842105,0
8328,0.02564102564102564,0
8329,0.7272727272727273,1
8330,0.19672131147540983,0
8331,0.5555555555555556,1
8332,0.17721518987341772,0
8333,0.02564102564102564,0
8334,0.02564102564102564,0
8335,0.5254237288135594,1
8336,0.19718309859154928,0
8337,0.2756756756756757,0
8338,0.696969696969697,1
8339,0.125,0
8340,0.0,0
8341,0.02564102564102564,0
8342,0.2756756756756757,0
8343,0.7272727272727273,1
8344,0.5254237288135594,1
8345,0.2756756756756757,0
8346,0.7272727272727273,1
8347,0.696969696969697,1
8348,0.13157894736842105,0
8349,0.5254237288135594,1
8350,0.14285714285714285,0
8351,0.33112582781456956,0
8352,0.17721518987341772,0
8353,0.2756756756756757,0
8354,0.125,0
8355,0.7222222222222222,1
8356,0.5254237288135594,1
8357,0.19672131147540983,0
8358,0.5254237288135594,1
8359,0.7222222222222222,1
8360,0.5254237288135594,1
8361,0.2756756756756757,0
8362,0.2756756756756757,0
8363,0.02564102564102564,0
8364,0.02564102564102564,0
8365,0.0,0
8366,0.13157894736842105,0
8367,0.2962962962962963,0
8368,0.33112582781456956,0
8369,0.13157894736842105,0
8370,0.7222222222222222,1
8371,0.19718309859154928,0
8372,0.2756756756756757,0
8373,0.5254237288135594,1
8374,0.02564102564102564,0
8375,0.0,0
8376,0.2962962962962963,0
8377,0.17721518987341772,0
8378,0.2756756756756757,0
8379,0.7272727272727273,1
8380,0.19672131147540983,0
8381,0.7272727272727273,1
8382,0.2756756756756757,0
8383,0.33112582781456956,0
8384,0.02564102564102564,0
8385,0.7272727272727273,1
8386,0.33112582781456956,0
8387,0.13157894736842105,0
8388,0.5930976517669362,1
8389,0.33112582781456956,0
8390,0.696969696969697,1
8391,0.19672131147540983,0
8392,0.17721518987341772,0
8393,0.2756756756756757,0
8394,0.696969696969697,1
8395,0.5555555555555556,1
8396,0.14285714285714285,0
8397,0.17721518987341772,0
8398,0.5555555555555556,1
8399,0.7272727272727273,1
8400,0.19718309859154928,0
8401,0.5254237288135594,1
8402,0.5555555555555556,1
8403,0.2756756756756757,0
8404,0.13157894736842105,0
8405,0.2756756756756757,0
8406,0.33112582781456956,0
8407,0.2756756756756757,0
8408,0.2756756756756757,0
8409,0.7272727272727273,1
8410,0.2756756756756757,0
8411,0.19718309859154928,0
8412,0.14285714285714285,0
8413,0.02564102564102564,0
8414,0.19718309859154928,0
8415,0.33112582781456956,0
8416,0.17721518987341772,0
8417,0.2962962962962963,0
8418,0.5254237288135594,1
8419,0.7272727272727273,1
8420,0.02564102564102564,0
8421,0.33112582781456956,0
8422,0.2756756756756757,0
8423,0.13157894736842105,0
8424,0.5254237288135594,1
8425,0.2756756756756757,0
8426,0.33112582781456956,0
8427,0.17721518987341772,0
8428,0.2756756756756757,0
8429,0.17721518987341772,0
8430,0.14285714285714285,0
8431,0.19672131147540983,0
8432,0.2756756756756757,0
8433,0.027777777777777776,0
8434,0.14285714285714285,0
8435,0.19672131147540983,0
8436,0.5254237288135594,1
8437,0.19672131147540983,0
8438,0.33112582781456956,0
8439,0.14285714285714285,0
8440,0.7222222222222222,1
8441,0.4755906600793257,0
8442,0.7222222222222222,1
8443,0.7272727272727273,1
8444,0.7222222222222222,1
8445,0.19718309859154928,0
8446,0.33112582781456956,0
8447,0.5555555555555556,1
8448,0.2756756756756757,0
8449,0.125,0
8450,0.7272727272727273,1
8451,0.5079365079365079,1
8452,0.19718309859154928,0
8453,0.125,0
8454,0.027777777777777776,0
8455,0.33112582781456956,0
8456,0.02564102564102564,0
8457,0.5079365079365079,1
8458,0.19672131147540983,0
8459,0.2756756756756757,0
8460,0.33112582781456956,0
8461,0.2756756756756757,0
8462,0.17721518987341772,0
8463,0.2756756756756757,0
8464,0.027777777777777776,0
8465,0.2756756756756757,0
8466,0.14285714285714285,0
8467,0.17721518987341772,0
8468,0.2962962962962963,0
8469,0.02564102564102564,0
8470,0.5079365079365079,1
8471,0.43765817526689865,0
8472,0.7272727272727273,1
8473,0.02564102564102564,0
8474,0.19672131147540983,0
8475,0.2756756756756757,0
8476,0.19672131147540983,0
8477,0.027777777777777776,0
8478,0.5079365079365079,1
8479,0.5254237288135594,1
8480,0.5254237288135594,1
8481,0.2756756756756757,0
8482,0.2756756756756757,0
8483,0.14285714285714285,0
8484,0.17721518987341772,0
8485,0.17721518987341772,0
8486,0.02564102564102564,0
8487,0.17721518987341772,0
8488,0.2756756756756757,0
8489,0.027777777777777776,0
8490,0.13157894736842105,0
8491,0.5555555555555556,1
8492,0.2962962962962963,0
8493,0.7222222222222222,1
8494,0.5079365079365079,1
8495,0.19718309859154928,0
8496,0.02564102564102564,0
8497,0.7272727272727273,1
8498,0.7272727272727273,1
8499,0.2756756756756757,0
8500,0.19718309859154928,0
8501,0.14285714285714285,0
8502,0.19718309859154928,0
8503,0.14285714285714285,0
8504,0.5079365079365079,1
8505,0.696969696969697,1
8506,0.19718309859154928,0
8507,0.33112582781456956,0
8508,0.2756756756756757,0
8509,0.2756756756756757,0
8510,0.2756756756756757,0
8511,0.19672131147540983,0
8512,0.5079365079365079,1
8513,0.5254237288135594,1
8514,0.02564102564102564,0
8515,0.02564102564102564,0
8516,0.17721518987341772,0
8517,0.125,0
8518,0.5079365079365079,1
8519,0.027777777777777776,0
8520,0.33112582781456956,0
8521,0.2756756756756757,0
8522,0.2756756756756757,0
8523,0.2756756756756757,0
8524,0.02564102564102564,0
8525,0.14285714285714285,0
8526,0.33112582781456956,0
8527,0.5254237288135594,1
8528,0.0,0
8529,0.33112582781456956,0
8530,0.0,0
8531,0.0,0
8532,0.2756756756756757,0
8533,0.13157894736842105,0
8534,0.7272727272727273,1
8535,0.02564102564102564,0
8536,0.2756756756756757,0
8537,0.17721518987341772,0
8538,0.5254237288135594,1
8539,0.33112582781456956,0
8540,0.5254237288135594,1
8541,0.2756756756756757,0
8542,0.19718309859154928,0
8543,0.2756756756756757,0
8544,0.13157894736842105,0
8545,0.2962962962962963,0
8546,0.19718309859154928,0
8547,0.7272727272727273,1
8548,0.2756756756756757,0
8549,0.7272727272727273,1
8550,0.125,0
8551,0.17721518987341772,0
8552,0.2756756756756757,0
8553,0.2756756756756757,0
8554,0.14285714285714285,0
8555,0.33112582781456956,0
8556,0.17721518987341772,0
8557,0.19672131147540983,0
8558,0.7222222222222222,1
8559,0.13157894736842105,0
8560,0.02564102564102564,0
8561,0.5629995284773527,1
8562,0.7272727272727273,1
8563,0.125,0
8564,0.14125076808213577,0
8565,0.19718309859154928,0
8566,0.19672131147540983,0
8567,0.7272727272727273,1
8568,0.027777777777777776,0
8569,0.17721518987341772,0
8570,0.17721518987341772,0
8571,0.33112582781456956,0
8572,0.13157894736842105,0
8573,0.33112582781456956,0
8574,0.14285714285714285,0
8575,0.5079365079365079,1
8576,0.11179353429449075,0
8577,0.17721518987341772,0
8578,0.0,0
8579,0.2756756756756757,0
8580,0.027777777777777776,0
8581,0.5079365079365079,1
8582,0.33112582781456956,0
8583,0.125,0
8584,0.14285714285714285,0
8585,0.2756756756756757,0
8586,0.5079365079365079,1
8587,0.125,0
8588,0.5079365079365079,1
8589,0.33112582781456956,0
8590,0.11471114628977494,0
8591,0.2756756756756757,0
8592,0.33112582781456956,0
8593,0.2756756756756757,0
8594,0.5079365079365079,1
8595,0.027777777777777776,0
8596,0.19672131147540983,0
8597,0.125,0
8598,0.5555555555555556,1
8599,0.2756756756756757,0
8600,0.5555555555555556,1
8601,0.17721518987341772,0
8602,0.5254237288135594,1
8603,0.125,0
8604,0.7222222222222222,1
8605,0.17721518987341772,0
8606,0.33112582781456956,0
8607,0.17721518987341772,0
8608,0.19672131147540983,0
8609,0.7222222222222222,1
8610,0.7272727272727273,1
8611,0.2756756756756757,0
8612,0.17721518987341772,0
8613,0.2756756756756757,0
8614,0.19718309859154928,0
8615,0.33112582781456956,0
8616,0.14285714285714285,0
8617,0.125,0
8618,0.2756756756756757,0
8619,0.33112582781456956,0
8620,0.19718309859154928,0
8621,0.7222222222222222,1
8622,0.2962962962962963,0
8623,0.5254237288135594,1
8624,0.19672131147540983,0
8625,0.696969696969697,1
8626,0.2756756756756757,0
8627,0.13157894736842105,0
8628,0.17721518987341772,0
8629,0.17721518987341772,0
8630,0.19718309859154928,0
8631,0.5079365079365079,1
8632,0.7222222222222222,1
8633,0.19718309859154928,0
8634,0.7272727272727273,1
8635,0.2962962962962963,0
8636,0.5079365079365079,1
8637,0.7272727272727273,1
8638,0.33112582781456956,0
8639,0.5254237288135594,1
8640,0.33112582781456956,0
8641,0.33112582781456956,0
8642,0.02564102564102564,0
8643,0.7222222222222222,1
8644,0.17721518987341772,0
8645,0.33112582781456956,0
8646,0.33112582781456956,0
8647,0.125,0
8648,0.7272727272727273,1
8649,0.696969696969697,1
8650,0.5079365079365079,1
8651,0.5079365079365079,1
8652,0.33112582781456956,0
8653,0.19672131147540983,0
8654,0.2756756756756757,0
8655,0.17721518987341772,0
8656,0.13013278705758471,0
8657,0.19718309859154928,0
8658,0.2756756756756757,0
8659,0.17721518987341772,0
8660,0.33112582781456956,0
8661,0.2907599217449485,0
8662,0.2756756756756757,0
8663,0.14285714285714285,0
8664,0.2756756756756757,0
8665,0.2962962962962963,0
8666,0.33112582781456956,0
8667,0.2756756756756757,0
8668,0.027777777777777776,0
8669,0.2756756756756757,0
8670,0.2756756756756757,0
8671,0.0,0
8672,0.125,0
8673,0.2756756756756757,0
8674,0.125,0
8675,0.17721518987341772,0
8676,0.17721518987341772,0
8677,0.2756756756756757,0
8678,0.5079365079365079,1
8679,0.5254237288135594,1
8680,0.5254237288135594,1
8681,0.13157894736842105,0
8682,0.2962962962962963,0
8683,0.2962962962962963,0
8684,0.5254237288135594,1
8685,0.17721518987341772,0
8686,0.2756756756756757,0
8687,0.02564102564102564,0
8688,0.33112582781456956,0
8689,0.2962962962962963,0
8690,0.2756756756756757,0
8691,0.5254237288135594,1
8692,0.2756756756756757,0
8693,0.7222222222222222,1
8694,0.19718309859154928,0
8695,0.14285714285714285,0
8696,0.7222222222222222,1
8697,0.2756756756756757,0
8698,0.02564102564102564,0
8699,0.33112582781456956,0
8700,0.2756756756756757,0
8701,0.2756756756756757,0
8702,0.33112582781456956,0
8703,0.2756756756756757,0
8704,0.027777777777777776,0
8705,0.17721518987341772,0
8706,0.2756756756756757,0
8707,0.17721518987341772,0
8708,0.19718309859154928,0
8709,0.33112582781456956,0
8710,0.14285714285714285,0
8711,0.2756756756756757,0
8712,0.027777777777777776,0
8713,0.19672131147540983,0
8714,0.19672131147540983,0
8715,0.02564102564102564,0
8716,0.5254237288135594,1
8717,0.2756756756756757,0
8718,0.19672131147540983,0
8719,0.33112582781456956,0
8720,0.19718309859154928,0
8721,0.2756756756756757,0
8722,0.19718309859154928,0
8723,0.13157894736842105,0
8724,0.2962962962962963,0
8725,0.0,0
8726,0.7222222222222222,1
8727,0.33112582781456956,0
8728,0.33112582781456956,0
8729,0.2962962962962963,0
8730,0.19718309859154928,0
8731,0.17721518987341772,0
8732,0.5254237288135594,1
8733,0.5254237288135594,1
8734,0.14285714285714285,0
8735,0.125,0
8736,0.5079365079365079,1
8737,0.02564102564102564,0
8738,0.33112582781456956,0
8739,0.19718309859154928,0
8740,0.2756756756756757,0
8741,0.2756756756756757,0
8742,0.19718309859154928,0
8743,0.19718309859154928,0
8744,0.2756756756756757,0
8745,0.19672131147540983,0
8746,0.5079365079365079,1
8747,0.17721518987341772,0
8748,0.17721518987341772,0
8749,0.14285714285714285,0
8750,0.2756756756756757,0
8751,0.14285714285714285,0
8752,0.5254237288135594,1
8753,0.17721518987341772,0
8754,0.2756756756756757,0
8755,0.17721518987341772,0
8756,0.7272727272727273,1
8757,0.33112582781456956,0
8758,0.33112582781456956,0
8759,0.5254237288135594,1
8760,0.5555555555555556,1
8761,0.027777777777777776,0
8762,0.5079365079365079,1
8763,0.19718309859154928,0
8764,0.5254237288135594,1
8765,0.2857064729597853,0
8766,0.02564102564102564,0
8767,0.02564102564102564,0
8768,0.19718309859154928,0
8769,0.33112582781456956,0
8770,0.5555555555555556,1
8771,0.17721518987341772,0
8772,0.19672131147540983,0
8773,0.5254237288135594,1
8774,0.19718309859154928,0
8775,0.2756756756756757,0
8776,0.5079365079365079,1
8777,0.2756756756756757,0
8778,0.5079365079365079,1
8779,0.2756756756756757,0
8780,0.7272727272727273,1
8781,0.2756756756756757,0
8782,0.2756756756756757,0
8783,0.33112582781456956,0
8784,0.2756756756756757,0
8785,0.2756756756756757,0
8786,0.2756756756756757,0
8787,0.14285714285714285,0
8788,0.7272727272727273,1
8789,0.17721518987341772,0
8790,0.5254237288135594,1
8791,0.2756756756756757,0
8792,0.5079365079365079,1
8793,0.13157894736842105,0
8794,0.2756756756756757,0
8795,0.5555555555555556,1
8796,0.5555555555555556,1
8797,0.2756756756756757,0
8798,0.33112582781456956,0
8799,0.5254237288135594,1
8800,0.0,0
8801,0.027777777777777776,0
8802,0.5079365079365079,1
8803,0.17721518987341772,0
8804,0.2756756756756757,0
8805,0.7222222222222222,1
8806,0.19718309859154928,0
8807,0.33112582781456956,0
8808,0.5254237288135594,1
8809,0.7272727272727273,1
8810,0.19718309859154928,0
8811,0.2756756756756757,0
8812,0.5555555555555556,1
8813,0.7272727272727273,1
8814,0.19672131147540983,0
8815,0.2756756756756757,0
8816,0.17721518987341772,0
8817,0.7222222222222222,1
8818,0.2756756756756757,0
8819,0.5254237288135594,1
8820,0.2756756756756757,0
8821,0.2756756756756757,0
8822,0.33112582781456956,0
8823,0.7272727272727273,1
8824,0.2756756756756757,0
8825,0.13157894736842105,0
8826,0.2756756756756757,0
8827,0.5254237288135594,1
8828,0.19718309859154928,0
8829,0.7272727272727273,1
8830,0.027777777777777776,0
8831,0.2756756756756757,0
8832,0.027777777777777776,0
8833,0.2756756756756757,0
8834,0.5254237288135594,1
8835,0.19672131147540983,0
8836,0.33112582781456956,0
8837,0.2756756756756757,0
8838,0.19718309859154928,0
8839,0.14285714285714285,0
8840,0.33112582781456956,0
8841,0.17721518987341772,0
8842,0.5254237288135594,1
8843,0.5254237288135594,1
8844,0.33112582781456956,0
8845,0.19718309859154928,0
8846,0.5254237288135594,1
8847,0.17721518987341772,0
8848,0.14285714285714285,0
8849,0.33112582781456956,0
8850,0.14285714285714285,0
8851,0.33112582781456956,0
8852,0.02564102564102564,0
8853,0.5079365079365079,1
8854,0.17721518987341772,0
8855,0.13157894736842105,0
8856,0.027777777777777776,0
8857,0.19718309859154928,0
8858,0.33112582781456956,0
8859,0.027777777777777776,0
8860,0.2756756756756757,0
8861,0.2756756756756757,0
8862,0.696969696969697,1
8863,0.2962962962962963,0
8864,0.027777777777777776,0
8865,0.2962962962962963,0
8866,0.2756756756756757,0
8867,0.17721518987341772,0
8868,0.7272727272727273,1
8869,0.5079365079365079,1
8870,0.17721518987341772,0
8871,0.5555555555555556,1
8872,0.2756756756756757,0
8873,0.02564102564102564,0
8874,0.7272727272727273,1
8875,0.02564102564102564,0
8876,0.7272727272727273,1
8877,0.2756756756756757,0
8878,0.0,0
8879,0.125,0
8880,0.33112582781456956,0
8881,0.17721518987341772,0
8882,0.5254237288135594,1
8883,0.5254237288135594,1
8884,0.2756756756756757,0
8885,0.5254237288135594,1
8886,0.5079365079365079,1
8887,0.33112582781456956,0
8888,0.7272727272727273,1
8889,0.17721518987341772,0
8890,0.14285714285714285,0
8891,0.5254237288135594,1
8892,0.17721518987341772,0
8893,0.19672131147540983,0
8894,0.5254237288135594,1
8895,0.5254237288135594,1
8896,0.14285714285714285,0
8897,0.5079365079365079,1
8898,0.696969696969697,1
8899,0.13157894736842105,0
8900,0.5254237288135594,1
8901,0.19718309859154928,0
8902,0.027777777777777776,0
8903,0.33112582781456956,0
8904,0.2756756756756757,0
8905,0.2756756756756757,0
8906,0.19718309859154928,0
8907,0.696969696969697,1
8908,0.2756756756756757,0
8909,0.027777777777777776,0
8910,0.17721518987341772,0
8911,0.696969696969697,1
8912,0.33112582781456956,0
8913,0.5254237288135594,1
8914,0.7222222222222222,1
8915,0.5254237288135594,1
8916,0.5254237288135594,1
8917,0.027777777777777776,0
8918,0.5079365079365079,1
8919,0.33112582781456956,0
8920,0.2756756756756757,0
8921,0.17721518987341772,0
8922,0.33112582781456956,0
8923,0.33112582781456956,0
8924,0.5254237288135594,1
8925,0.7222222222222222,1
8926,0.125,0
8927,0.696969696969697,1
8928,0.2756756756756757,0
8929,0.5254237288135594,1
8930,0.2756756756756757,0
8931,0.14285714285714285,0
8932,0.33112582781456956,0
8933,0.2756756756756757,0
8934,0.2756756756756757,0
8935,0.5254237288135594,1
8936,0.5254237288135594,1
8937,0.02564102564102564,0
8938,0.33112582781456956,0
8939,0.33112582781456956,0
8940,0.7272727272727273,1
8941,0.0,0
8942,0.02564102564102564,0
8943,0.125,0
8944,0.5254237288135594,1
8945,0.125,0
8946,0.02564102564102564,0
8947,0.5079365079365079,1
8948,0.696969696969697,1
8949,0.33112582781456956,0
8950,0.7222222222222222,1
8951,0.2756756756756757,0
8952,0.33112582781456956,0
8953,0.33112582781456956,0
8954,0.19718309859154928,0
8955,0.125,0
8956,0.33112582781456956,0
8957,0.33112582781456956,0
8958,0.17721518987341772,0
8959,0.7272727272727273,1
8960,0.19672131147540983,0
8961,0.5079365079365079,1
8962,0.19718309859154928,0
8963,0.7222222222222222,1
8964,0.2756756756756757,0
8965,0.2756756756756757,0
8966,0.33112582781456956,0
8967,0.2962962962962963,0
8968,0.17721518987341772,0
8969,0.5254237288135594,1
8970,0.19672131147540983,0
8971,0.125,0
8972,0.027777777777777776,0
8973,0.2756756756756757,0
8974,0.7272727272727273,1
8975,0.33112582781456956,0
8976,0.7272727272727273,1
8977,0.14285714285714285,0
8978,0.5254237288135594,1
8979,0.33112582781456956,0
8980,0.2756756756756757,0
8981,0.17721518987341772,0
8982,0.7222222222222222,1
8983,0.5254237288135594,1
8984,0.17721518987341772,0
8985,0.2756756756756757,0
8986,0.33112582781456956,0
8987,0.02564102564102564,0
8988,0.33112582781456956,0
8989,0.33112582781456956,0
8990,0.19672131147540983,0
8991,0.5254237288135594,1
8992,0.027777777777777776,0
8993,0.19672131147540983,0
8994,0.5079365079365079,1
8995,0.2756756756756757,0
8996,0.5079365079365079,1
8997,0.2756756756756757,0
8998,0.13157894736842105,0
8999,0.2962962962962963,0
9000,0.7272727272727273,1
9001,0.2756756756756757,0
9002,0.33112582781456956,0
9003,0.33112582781456956,0
9004,0.02564102564102564,0
9005,0.5254237288135594,1
9006,0.19672131147540983,0
9007,0.125,0
9008,0.125,0
9009,0.5079365079365079,1
9010,0.33112582781456956,0
9011,0.17721518987341772,0
9012,0.02564102564102564,0
9013,0.17721518987341772,0
9014,0.19718309859154928,0
9015,0.33112582781456956,0
9016,0.5254237288135594,1
9017,0.7222222222222222,1
9018,0.027777777777777776,0
9019,0.33112582781456956,0
9020,0.33112582781456956,0
9021,0.19672131147540983,0
9022,0.5254237288135594,1
9023,0.027777777777777776,0
9024,0.125,0
9025,0.13157894736842105,0
9026,0.33112582781456956,0
9027,0.17721518987341772,0
9028,0.7272727272727273,1
9029,0.0,0
9030,0.2756756756756757,0
9031,0.19672131147540983,0
9032,0.17721518987341772,0
9033,0.125,0
9034,0.17721518987341772,0
9035,0.33112582781456956,0
9036,0.33112582781456956,0
9037,0.19672131147540983,0
9038,0.33112582781456956,0
9039,0.7272727272727273,1
9040,0.027777777777777776,0
9041,0.19718309859154928,0
9042,0.5079365079365079,1
9043,0.19672131147540983,0
9044,0.2756756756756757,0
9045,0.33112582781456956,0
9046,0.33112582781456956,0
9047,0.2756756756756757,0
9048,0.2756756756756757,0
9049,0.7222222222222222,1
9050,0.17721518987341772,0
9051,0.02564102564102564,0
9052,0.33112582781456956,0
9053,0.7222222222222222,1
9054,0.2756756756756757,0
9055,0.5555555555555556,1
9056,0.02564102564102564,0
9057,0.02564102564102564,0
9058,0.17721518987341772,0
9059,0.125,0
9060,0.19718309859154928,0
9061,0.5079365079365079,1
9062,0.02564102564102564,0
9063,0.027777777777777776,0
9064,0.5079365079365079,1
9065,0.5079365079365079,1
9066,0.19718309859154928,0
9067,0.2756756756756757,0
9068,0.2756756756756757,0
9069,0.14285714285714285,0
9070,0.33112582781456956,0
9071,0.696969696969697,1
9072,0.7272727272727273,1
9073,0.02564102564102564,0
9074,0.42306040146521673,0
9075,0.2756756756756757,0
9076,0.17721518987341772,0
9077,0.17721518987341772,0
9078,0.13157894736842105,0
9079,0.0,0
9080,0.2756756756756757,0
9081,0.19672131147540983,0
9082,0.33112582781456956,0
9083,0.19672131147540983,0
9084,0.14285714285714285,0
9085,0.17721518987341772,0
9086,0.17721518987341772,0
9087,0.33112582781456956,0
9088,0.0,0
9089,0.13157894736842105,0
9090,0.2756756756756757,0
9091,0.02564102564102564,0
9092,0.14285714285714285,0
9093,0.19672131147540983,0
9094,0.5254237288135594,1
9095,0.5254237288135594,1
9096,0.027777777777777776,0
9097,0.0671775885657579,0
9098,0.4518501209743478,0
9099,0.19718309859154928,0
9100,0.125,0
9101,0.7272727272727273,1
9102,0.17721518987341772,0
9103,0.19718309859154928,0
9104,0.33112582781456956,0
9105,0.13157894736842105,0
9106,0.5254237288135594,1
9107,0.0,0
9108,0.14285714285714285,0
9109,0.2756756756756757,0
9110,0.5254237288135594,1
9111,0.696969696969697,1
9112,0.2756756756756757,0
9113,0.2756756756756757,0
9114,0.19718309859154928,0
9115,0.14285714285714285,0
9116,0.19718309859154928,0
9117,0.02564102564102564,0
9118,0.2756756756756757,0
9119,0.5079365079365079,1
9120,0.696969696969697,1
9121,0.33112582781456956,0
9122,0.2756756756756757,0
9123,0.2756756756756757,0
9124,0.7222222222222222,1
9125,0.125,0
9126,0.19672131147540983,0
9127,0.2756756756756757,0
9128,0.2756756756756757,0
9129,0.7272727272727273,1
9130,0.5254237288135594,1
9131,0.33112582781456956,0
9132,0.027777777777777776,0
9133,0.19672131147540983,0
9134,0.33112582781456956,0
9135,0.2756756756756757,0
9136,0.2756756756756757,0
9137,0.2756756756756757,0
9138,0.33112582781456956,0
9139,0.2756756756756757,0
9140,0.7222222222222222,1
9141,0.5254237288135594,1
9142,0.5254237288135594,1
9143,0.5254237288135594,1
9144,0.19718309859154928,0
9145,0.5555555555555556,1
9146,0.027777777777777776,0
9147,0.19672131147540983,0
9148,0.5079365079365079,1
9149,0.33112582781456956,0
9150,0.33112582781456956,0
9151,0.19718309859154928,0
9152,0.19718309859154928,0
9153,0.7222222222222222,1
9154,0.19672131147540983,0
9155,0.13157894736842105,0
9156,0.2756756756756757,0
9157,0.5254237288135594,1
9158,0.5254237288135594,1
9159,0.696969696969697,1
9160,0.17721518987341772,0
9161,0.02564102564102564,0
9162,0.02564102564102564,0
9163,0.02564102564102564,0
9164,0.0,0
9165,0.0,0
9166,0.125,0
9167,0.33112582781456956,0
9168,0.027777777777777776,0
9169,0.5254237288135594,1
9170,0.33112582781456956,0
9171,0.0,0
9172,0.5079365079365079,1
9173,0.125,0
9174,0.5079365079365079,1
9175,0.5254237288135594,1
9176,0.19718309859154928,0
9177,0.2756756756756757,0
9178,0.17721518987341772,0
9179,0.2756756756756757,0
9180,0.2756756756756757,0
9181,0.33112582781456956,0
9182,0.33112582781456956,0
9183,0.33112582781456956,0
9184,0.5254237288135594,1
9185,0.2756756756756757,0
9186,0.027777777777777776,0
9187,0.2756756756756757,0
9188,0.5254237288135594,1
9189,0.696969696969697,1
9190,0.2756756756756757,0
9191,0.2756756756756757,0
9192,0.2756756756756757,0
9193,0.2756756756756757,0
9194,0.2756756756756757,0
9195,0.17721518987341772,0
9196,0.027777777777777776,0
9197,0.13157894736842105,0
9198,0.5079365079365079,1
9199,0.7272727272727273,1
9200,0.33112582781456956,0
9201,0.33112582781456956,0
9202,0.19672131147540983,0
9203,0.5254237288135594,1
9204,0.5079365079365079,1
9205,0.19718309859154928,0
9206,0.02564102564102564,0
9207,0.19672131147540983,0
9208,0.0,0
9209,0.2756756756756757,0
9210,0.7222222222222222,1
9211,0.5254237288135594,1
9212,0.7222222222222222,1
9213,0.5254237288135594,1
9214,0.33112582781456956,0
9215,0.19718309859154928,0
9216,0.7272727272727273,1
9217,0.33112582781456956,0
9218,0.6851156570249413,1
9219,0.2756756756756757,0
9220,0.7222222222222222,1
9221,0.02564102564102564,0
9222,0.19718309859154928,0
9223,0.5254237288135594,1
9224,0.2756756756756757,0
9225,0.17721518987341772,0
9226,0.17721518987341772,0
9227,0.5079365079365079,1
9228,0.13157894736842105,0
9229,0.14285714285714285,0
9230,0.027777777777777776,0
9231,0.19718309859154928,0
9232,0.7272727272727273,1
9233,0.696969696969697,1
9234,0.19718309859154928,0
9235,0.7272727272727273,1
9236,0.0,0
9237,0.5254237288135594,1
9238,0.2756756756756757,0
9239,0.0,0
9240,0.7272727272727273,1
9241,0.5079365079365079,1
9242,0.7272727272727273,1
9243,0.19718309859154928,0
9244,0.19718309859154928,0
9245,0.33112582781456956,0
9246,0.13157894736842105,0
9247,0.5079365079365079,1
9248,0.696969696969697,1
9249,0.2756756756756757,0
9250,0.2756756756756757,0
9251,0.33112582781456956,0
9252,0.7222222222222222,1
9253,0.33112582781456956,0
9254,0.19718309859154928,0
9255,0.33112582781456956,0
9256,0.125,0
9257,0.5254237288135594,1
9258,0.17721518987341772,0
9259,0.5555555555555556,1
9260,0.14285714285714285,0
9261,0.13157894736842105,0
9262,0.125,0
9263,0.19672131147540983,0
9264,0.5254237288135594,1
9265,0.33112582781456956,0
9266,0.17721518987341772,0
9267,0.33112582781456956,0
9268,0.17721518987341772,0
9269,0.125,0
9270,0.5079365079365079,1
9271,0.2756756756756757,0
9272,0.7272727272727273,1
9273,0.7272727272727273,1
9274,0.17721518987341772,0
9275,0.02564102564102564,0
9276,0.19718309859154928,0
9277,0.5079365079365079,1
9278,0.5254237288135594,1
9279,0.5254237288135594,1
9280,0.7272727272727273,1
9281,0.696969696969697,1
9282,0.027777777777777776,0
9283,0.2756756756756757,0
9284,0.2756756756756757,0
9285,0.125,0
9286,0.19672131147540983,0
9287,0.2756756756756757,0
9288,0.02564102564102564,0
9289,0.13157894736842105,0
9290,0.19718309859154928,0
9291,0.7222222222222222,1
9292,0.33112582781456956,0
9293,0.17721518987341772,0
9294,0.14285714285714285,0
9295,0.02564102564102564,0
9296,0.02564102564102564,0
9297,0.7222222222222222,1
9298,0.5079365079365079,1
9299,0.33112582781456956,0
9300,0.13157894736842105,0
9301,0.7222222222222222,1
9302,0.027777777777777776,0
9303,0.14285714285714285,0
9304,0.2756756756756757,0
9305,0.2756756756756757,0
9306,0.14285714285714285,0
9307,0.5254237288135594,1
9308,0.5079365079365079,1
9309,0.17721518987341772,0
9310,0.7222222222222222,1
9311,0.7272727272727273,1
9312,0.17721518987341772,0
9313,0.2962962962962963,0
9314,0.2756756756756757,0
9315,0.125,0
9316,0.5254237288135594,1
9317,0.02564102564102564,0
9318,0.2756756756756757,0
9319,0.33112582781456956,0
9320,0.2756756756756757,0
9321,0.7272727272727273,1
9322,0.125,0
9323,0.17721518987341772,0
9324,0.2756756756756757,0
9325,0.33112582781456956,0
9326,0.33112582781456956,0
9327,0.2756756756756757,0
9328,0.7222222222222222,1
9329,0.696969696969697,1
9330,0.02564102564102564,0
9331,0.17721518987341772,0
9332,0.13157894736842105,0
9333,0.5079365079365079,1
9334,0.2756756756756757,0
9335,0.5254237288135594,1
9336,0.027777777777777776,0
9337,0.4488481798499879,0
9338,0.7272727272727273,1
9339,0.19718309859154928,0
9340,0.33112582781456956,0
9341,0.0,0
9342,0.0,0
9343,0.5079365079365079,1
9344,0.17721518987341772,0
9345,0.0,0
9346,0.2756756756756757,0
9347,0.7222222222222222,1
9348,0.7222222222222222,1
9349,0.5079365079365079,1
9350,0.33112582781456956,0
9351,0.19672131147540983,0
9352,0.14285714285714285,0
9353,0.027777777777777776,0
9354,0.14285714285714285,0
9355,0.17721518987341772,0
9356,0.2756756756756757,0
9357,0.7222222222222222,1
9358,0.7272727272727273,1
9359,0.13157894736842105,0
9360,0.2756756756756757,0
9361,0.33112582781456956,0
9362,0.19718309859154928,0
9363,0.02564102564102564,0
9364,0.7272727272727273,1
9365,0.027777777777777776,0
9366,0.14285714285714285,0
9367,0.5254237288135594,1
9368,0.696969696969697,1
9369,0.7272727272727273,1
9370,0.0,0
9371,0.2756756756756757,0
9372,0.5254237288135594,1
9373,0.13157894736842105,0
9374,0.14285714285714285,0
9375,0.2756756756756757,0
9376,0.2962962962962963,0
9377,0.33112582781456956,0
9378,0.696969696969697,1
9379,0.14285714285714285,0
9380,0.5079365079365079,1
9381,0.13157894736842105,0
9382,0.125,0
9383,0.17721518987341772,0
9384,0.33112582781456956,0
9385,0.2756756756756757,0
9386,0.13157894736842105,0
9387,0.125,0
9388,0.19672131147540983,0
9389,0.17721518987341772,0
9390,0.33112582781456956,0
9391,0.5254237288135594,1
9392,0.33112582781456956,0
9393,0.125,0
9394,0.33112582781456956,0
9395,0.125,0
9396,0.2756756756756757,0
9397,0.7272727272727273,1
9398,0.33112582781456956,0
9399,0.0,0
9400,0.33112582781456956,0
9401,0.2756756756756757,0
9402,0.14285714285714285,0
9403,0.14285714285714285,0
9404,0.5254237288135594,1
9405,0.2756756756756757,0
9406,0.125,0
9407,0.125,0
9408,0.33112582781456956,0
9409,0.19672131147540983,0
9410,0.17721518987341772,0
9411,0.7272727272727273,1
9412,0.2756756756756757,0
9413,0.33112582781456956,0
9414,0.125,0
9415,0.7222222222222222,1
9416,0.2756756756756757,0
9417,0.33112582781456956,0
9418,0.19718309859154928,0
9419,0.5079365079365079,1
9420,0.2756756756756757,0
9421,0.19672131147540983,0
9422,0.2756756756756757,0
9423,0.027777777777777776,0
9424,0.14285714285714285,0
9425,0.2756756756756757,0
9426,0.5254237288135594,1
9427,0.14285714285714285,0
9428,0.19718309859154928,0
9429,0.7222222222222222,1
9430,0.027777777777777776,0
9431,0.02564102564102564,0
9432,0.0,0
9433,0.5254237288135594,1
9434,0.2756756756756757,0
9435,0.13157894736842105,0
9436,0.33112582781456956,0
9437,0.5079365079365079,1
9438,0.2756756756756757,0
9439,0.125,0
9440,0.125,0
9441,0.5254237288135594,1
9442,0.0,0
9443,0.17721518987341772,0
9444,0.19718309859154928,0
9445,0.0,0
9446,0.19672131147540983,0
9447,0.14285714285714285,0
9448,0.19672131147540983,0
9449,0.13157894736842105,0
9450,0.2756756756756757,0
9451,0.2756756756756757,0
9452,0.5254237288135594,1
9453,0.33112582781456956,0
9454,0.5254237288135594,1
9455,0.0,0
9456,0.027777777777777776,0
9457,0.2756756756756757,0
9458,0.5079365079365079,1
9459,0.7272727272727273,1
9460,0.0,0
9461,0.02564102564102564,0
9462,0.19718309859154928,0
9463,0.2756756756756757,0
9464,0.33112582781456956,0
9465,0.19672131147540983,0
9466,0.19718309859154928,0
9467,0.125,0
9468,0.13157894736842105,0
9469,0.2962962962962963,0
9470,0.13157894736842105,0
9471,0.5254237288135594,1
9472,0.33112582781456956,0
9473,0.5079365079365079,1
9474,0.5254237288135594,1
9475,0.5079365079365079,1
9476,0.5079365079365079,1
9477,0.02564102564102564,0
9478,0.7272727272727273,1
9479,0.7272727272727273,1
9480,0.2756756756756757,0
9481,0.5555555555555556,1
9482,0.14285714285714285,0
9483,0.5254237288135594,1
9484,0.7272727272727273,1
9485,0.17721518987341772,0
9486,0.0,0
9487,0.19718309859154928,0
9488,0.33112582781456956,0
9489,0.2756756756756757,0
9490,0.33112582781456956,0
9491,0.17721518987341772,0
9492,0.2756756756756757,0
9493,0.7272727272727273,1
9494,0.19718309859154928,0
9495,0.13157894736842105,0
9496,0.33112582781456956,0
9497,0.14285714285714285,0
9498,0.0,0
9499,0.17721518987341772,0
9500,0.33112582781456956,0
9501,0.7222222222222222,1
9502,0.027777777777777776,0
9503,0.33112582781456956,0
9504,0.7222222222222222,1
9505,0.5079365079365079,1
9506,0.2756756756756757,0
9507,0.17721518987341772,0
9508,0.17721518987341772,0
9509,0.19672131147540983,0
9510,0.17721518987341772,0
9511,0.027777777777777776,0
9512,0.17721518987341772,0
9513,0.20840738594625988,0
9514,0.33112582781456956,0
9515,0.17721518987341772,0
9516,0.5254237288135594,1
9517,0.125,0
9518,0.14285714285714285,0
9519,0.2756756756756757,0
9520,0.7222222222222222,1
9521,0.5079365079365079,1
9522,0.2756756756756757,0
9523,0.2756756756756757,0
9524,0.2756756756756757,0
9525,0.5254237288135594,1
9526,0.7248319171777022,1
9527,0.02564102564102564,0
9528,0.7222222222222222,1
9529,0.5254237288135594,1
9530,0.5079365079365079,1
9531,0.2756756756756757,0
9532,0.5079365079365079,1
9533,0.5254237288135594,1
9534,0.5254237288135594,1
9535,0.2756756756756757,0
9536,0.02564102564102564,0
9537,0.17721518987341772,0
9538,0.7222222222222222,1
9539,0.0,0
9540,0.33112582781456956,0
9541,0.33112582781456956,0
9542,0.19672131147540983,0
9543,0.19718309859154928,0
9544,0.33112582781456956,0
9545,0.14285714285714285,0
9546,0.5254237288135594,1
9547,0.5079365079365079,1
9548,0.5079365079365079,1
9549,0.19718309859154928,0
9550,0.19718309859154928,0
9551,0.2756756756756757,0
9552,0.027777777777777776,0
9553,0.2756756756756757,0
9554,0.5079365079365079,1
9555,0.2756756756756757,0
9556,0.14285714285714285,0
9557,0.14285714285714285,0
9558,0.33112582781456956,0
9559,0.02564102564102564,0
9560,0.33112582781456956,0
9561,0.2756756756756757,0
9562,0.2962962962962963,0
9563,0.2756756756756757,0
9564,0.5254237288135594,1
9565,0.19718309859154928,0
9566,0.696969696969697,1
9567,0.2756756756756757,0
9568,0.14285714285714285,0
9569,0.5079365079365079,1
9570,0.17721518987341772,0
9571,0.2756756756756757,0
9572,0.5254237288135594,1
9573,0.5254237288135594,1
9574,0.125,0
9575,0.17721518987341772,0
9576,0.027777777777777776,0
9577,0.5254237288135594,1
9578,0.2756756756756757,0
9579,0.28369141485692206,0
9580,0.19718309859154928,0
9581,0.7222222222222222,1
9582,0.7272727272727273,1
9583,0.0,0
9584,0.33112582781456956,0
9585,0.2756756756756757,0
9586,0.125,0
9587,0.5254237288135594,1
9588,0.2756756756756757,0
9589,0.14285714285714285,0
9590,0.5254237288135594,1
9591,0.02564102564102564,0
9592,0.2756756756756757,0
9593,0.33112582781456956,0
9594,0.17721518987341772,0
9595,0.33112582781456956,0
9596,0.5555555555555556,1
9597,0.17721518987341772,0
9598,0.5254237288135594,1
9599,0.7222222222222222,1
9600,0.2756756756756757,0
9601,0.2756756756756757,0
9602,0.696969696969697,1
9603,0.2756756756756757,0
9604,0.33112582781456956,0
9605,0.2756756756756757,0
9606,0.5254237288135594,1
9607,0.2756756756756757,0
9608,0.027777777777777776,0
9609,0.2756756756756757,0
9610,0.125,0
9611,0.5079365079365079,1
9612,0.13157894736842105,0
9613,0.5079365079365079,1
9614,0.2756756756756757,0
9615,0.07278923013382946,0
9616,0.33112582781456956,0
9617,0.2756756756756757,0
9618,0.5254237288135594,1
9619,0.0,0
9620,0.125,0
9621,0.5254237288135594,1
9622,0.19718309859154928,0
9623,0.5254237288135594,1
9624,0.7272727272727273,1
9625,0.2756756756756757,0
9626,0.0,0
9627,0.14285714285714285,0
9628,0.2962962962962963,0
9629,0.13157894736842105,0
9630,0.5254237288135594,1
9631,0.0,0
9632,0.7272727272727273,1
9633,0.33112582781456956,0
9634,0.2756756756756757,0
9635,0.5254237288135594,1
9636,0.19672131147540983,0
9637,0.5254237288135594,1
9638,0.7222222222222222,1
9639,0.5254237288135594,1
9640,0.14285714285714285,0
9641,0.2756756756756757,0
9642,0.33112582781456956,0
9643,0.17721518987341772,0
9644,0.02564102564102564,0
9645,0.5079365079365079,1
9646,0.2756756756756757,0
9647,0.5254237288135594,1
9648,0.5254237288135594,1
9649,0.2756756756756757,0
9650,0.02564102564102564,0
9651,0.33112582781456956,0
9652,0.027777777777777776,0
9653,0.2756756756756757,0
9654,0.19672131147540983,0
9655,0.5254237288135594,1
9656,0.17721518987341772,0
9657,0.19718309859154928,0
9658,0.17721518987341772,0
9659,0.33112582781456956,0
9660,0.5254237288135594,1
9661,0.5079365079365079,1
9662,0.5254237288135594,1
9663,0.33112582781456956,0
9664,0.02564102564102564,0
9665,0.33112582781456956,0
9666,0.02564102564102564,0
9667,0.696969696969697,1
9668,0.7272727272727273,1
9669,0.2756756756756757,0
9670,0.7272727272727273,1
9671,0.2756756756756757,0
9672,0.33112582781456956,0
9673,0.17721518987341772,0
9674,0.5079365079365079,1
9675,0.696969696969697,1
9676,0.17721518987341772,0
9677,0.19718309859154928,0
9678,0.696969696969697,1
9679,0.33112582781456956,0
9680,0.0,0
9681,0.5254237288135594,1
9682,0.19672131147540983,0
9683,0.0,0
9684,0.13157894736842105,0
9685,0.5555555555555556,1
9686,0.19672131147540983,0
9687,0.14285714285714285,0
9688,0.7272727272727273,1
9689,0.5254237288135594,1
9690,0.33112582781456956,0
9691,0.7272727272727273,1
9692,0.2756756756756757,0
9693,0.19672131147540983,0
9694,0.5079365079365079,1
9695,0.08120689482412283,0
9696,0.5079365079365079,1
9697,0.13157894736842105,0
9698,0.696969696969697,1
9699,0.0,0
9700,0.14285714285714285,0
9701,0.19672131147540983,0
9702,0.7272727272727273,1
9703,0.13157894736842105,0
9704,0.2756756756756757,0
9705,0.17721518987341772,0
9706,0.33112582781456956,0
9707,0.14285714285714285,0
9708,0.5079365079365079,1
9709,0.5254237288135594,1
9710,0.5079365079365079,1
9711,0.696969696969697,1
9712,0.13157894736842105,0
9713,0.19672131147540983,0
9714,0.5254237288135594,1
9715,0.2756756756756757,0
9716,0.33112582781456956,0
9717,0.7272727272727273,1
9718,0.19672131147540983,0
9719,0.7272727272727273,1
9720,0.33112582781456956,0
9721,0.13157894736842105,0
9722,0.5079365079365079,1
9723,0.0,0
9724,0.0,0
9725,0.14285714285714285,0
9726,0.2756756756756757,0
9727,0.33112582781456956,0
9728,0.2756756756756757,0
9729,0.0,0
9730,0.17721518987341772,0
9731,0.13157894736842105,0
9732,0.2962962962962963,0
9733,0.5079365079365079,1
9734,0.2756756756756757,0
9735,0.19672131147540983,0
9736,0.7222222222222222,1
9737,0.5254237288135594,1
9738,0.7211543281819836,1
9739,0.2962962962962963,0
9740,0.696969696969697,1
9741,0.19718309859154928,0
9742,0.5254237288135594,1
9743,0.5254237288135594,1
9744,0.5254237288135594,1
9745,0.027777777777777776,0
9746,0.027777777777777776,0
9747,0.19672131147540983,0
9748,0.19672131147540983,0
9749,0.5254237288135594,1
9750,0.0,0
9751,0.19718309859154928,0
9752,0.17721518987341772,0
9753,0.33112582781456956,0
9754,0.19672131147540983,0
9755,0.17779215564520273,0
9756,0.5254237288135594,1
9757,0.2756756756756757,0
9758,0.2962962962962963,0
9759,0.14285714285714285,0
9760,0.0,0
9761,0.2756756756756757,0
9762,0.14285714285714285,0
9763,0.17721518987341772,0
9764,0.19672131147540983,0
9765,0.02564102564102564,0
9766,0.7272727272727273,1
9767,0.19718309859154928,0
9768,0.027777777777777776,0
9769,0.7272727272727273,1
9770,0.19718309859154928,0
9771,0.33112582781456956,0
9772,0.2756756756756757,0
9773,0.7222222222222222,1
9774,0.19718309859154928,0
9775,0.5254237288135594,1
9776,0.5254237288135594,1
9777,0.2756756756756757,0
9778,0.33112582781456956,0
9779,0.19672131147540983,0
9780,0.2756756756756757,0
9781,0.5079365079365079,1
9782,0.14285714285714285,0
9783,0.7272727272727273,1
9784,0.17721518987341772,0
9785,0.5079365079365079,1
9786,0.2756756756756757,0
9787,0.19718309859154928,0
9788,0.5079365079365079,1
9789,0.5254237288135594,1
9790,0.7272727272727273,1
9791,0.19718309859154928,0
9792,0.696969696969697,1
9793,0.125,0
9794,0.125,0
9795,0.14285714285714285,0
9796,0.2756756756756757,0
9797,0.5254237288135594,1
9798,0.17721518987341772,0
9799,0.125,0
9800,0.17721518987341772,0
9801,0.33112582781456956,0
9802,0.13157894736842105,0
9803,0.17721518987341772,0
9804,0.7272727272727273,1
9805,0.2756756756756757,0
9806,0.5079365079365079,1
9807,0.0,0
9808,0.027777777777777776,0
9809,0.13157894736842105,0
9810,0.19718309859154928,0
9811,0.19718309859154928,0
9812,0.125,0
9813,0.19718309859154928,0
9814,0.33112582781456956,0
9815,0.13157894736842105,0
9816,0.7222222222222222,1
9817,0.13157894736842105,0
9818,0.0,0
9819,0.125,0
9820,0.2756756756756757,0
9821,0.5254237288135594,1
9822,0.5079365079365079,1
9823,0.33112582781456956,0
9824,0.2756756756756757,0
9825,0.5079365079365079,1
9826,0.7222222222222222,1
9827,0.02564102564102564,0
9828,0.027777777777777776,0
9829,0.5079365079365079,1
9830,0.2756756756756757,0
9831,0.696969696969697,1
9832,0.5254237288135594,1
9833,0.2756756756756757,0
9834,0.19672131147540983,0
9835,0.2756756756756757,0
9836,0.125,0
9837,0.696969696969697,1
9838,0.125,0
9839,0.2962962962962963,0
9840,0.027777777777777776,0
9841,0.13157894736842105,0
9842,0.5254237288135594,1
9843,0.33112582781456956,0
9844,0.5079365079365079,1
9845,0.2962962962962963,0
9846,0.7272727272727273,1
9847,0.17721518987341772,0
9848,0.2756756756756757,0
9849,0.7272727272727273,1
9850,0.17721518987341772,0
9851,0.19718309859154928,0
9852,0.2756756756756757,0
9853,0.19718309859154928,0
9854,0.2756756756756757,0
9855,0.5079365079365079,1
9856,0.2756756756756757,0
9857,0.33112582781456956,0
9858,0.7222222222222222,1
9859,0.7222222222222222,1
9860,0.17721518987341772,0
9861,0.027777777777777776,0
9862,0.125,0
9863,0.02564102564102564,0
9864,0.125,0
9865,0.02564102564102564,0
9866,0.2756756756756757,0
9867,0.2756756756756757,0
9868,0.5254237288135594,1
9869,0.2756756756756757,0
9870,0.125,0
9871,0.17721518987341772,0
9872,0.33112582781456956,0
9873,0.5254237288135594,1
9874,0.696969696969697,1
9875,0.5254237288135594,1
9876,0.5079365079365079,1
9877,0.125,0
9878,0.19718309859154928,0
9879,0.33112582781456956,0
9880,0.33112582781456956,0
9881,0.7272727272727273,1
9882,0.5254237288135594,1
9883,0.19672131147540983,0
9884,0.7222222222222222,1
9885,0.125,0
9886,0.5254237288135594,1
9887,0.17721518987341772,0
9888,0.19718309859154928,0
9889,0.2962962962962963,0
9890,0.33112582781456956,0
9891,0.5254237288135594,1
9892,0.14285714285714285,0
9893,0.02564102564102564,0
9894,0.33112582781456956,0
9895,0.125,0
9896,0.17721518987341772,0
9897,0.5254237288135594,1
9898,0.33112582781456956,0
9899,0.33112582781456956,0
9900,0.33112582781456956,0
9901,0.2756756756756757,0
9902,0.2756756756756757,0
9903,0.5079365079365079,1
9904,0.2962962962962963,0
9905,0.33112582781456956,0
9906,0.5254237288135594,1
9907,0.2756756756756757,0
9908,0.7272727272727273,1
9909,0.17721518987341772,0
9910,0.5079365079365079,1
9911,0.2756756756756757,0
9912,0.02564102564102564,0
9913,0.2756756756756757,0
9914,0.5254237288135594,1
9915,0.17721518987341772,0
9916,0.14285714285714285,0
9917,0.5254237288135594,1
9918,0.2756756756756757,0
9919,0.5254237288135594,1
9920,0.33112582781456956,0
9921,0.7272727272727273,1
9922,0.17721518987341772,0
9923,0.19718309859154928,0
9924,0.33112582781456956,0
9925,0.17721518987341772,0
9926,0.14285714285714285,0
9927,0.33112582781456956,0
9928,0.0,0
9929,0.02564102564102564,0
9930,0.33112582781456956,0
9931,0.5079365079365079,1
9932,0.19672131147540983,0
9933,0.2756756756756757,0
9934,0.5254237288135594,1
9935,0.5254237288135594,1
9936,0.17721518987341772,0
9937,0.2756756756756757,0
9938,0.696969696969697,1
9939,0.14285714285714285,0
9940,0.2962962962962963,0
9941,0.17721518987341772,0
9942,0.5254237288135594,1
9943,0.17721518987341772,0
9944,0.33112582781456956,0
9945,0.2756756756756757,0
9946,0.2756756756756757,0
9947,0.33112582781456956,0
9948,0.5254237288135594,1
9949,0.5254237288135594,1
9950,0.33112582781456956,0
9951,0.33112582781456956,0
9952,0.0,0
9953,0.7222222222222222,1
9954,0.027777777777777776,0
9955,0.14285714285714285,0
9956,0.14285714285714285,0
9957,0.5254237288135594,1
9958,0.19672131147540983,0
9959,0.33112582781456956,0
9960,0.5254237288135594,1
9961,0.5254237288135594,1
9962,0.02564102564102564,0
9963,0.33112582781456956,0
9964,0.7222222222222222,1
9965,0.2756756756756757,0
9966,0.7272727272727273,1
9967,0.0,0
9968,0.33112582781456956,0
9969,0.2756756756756757,0
9970,0.0,0
9971,0.17721518987341772,0
9972,0.5254237288135594,1
9973,0.2756756756756757,0
9974,0.5254237288135594,1
9975,0.02564102564102564,0
9976,0.19672131147540983,0
9977,0.33112582781456956,0
9978,0.027777777777777776,0
9979,0.14285714285714285,0
9980,0.33112582781456956,0
9981,0.33112582781456956,0
9982,0.027777777777777776,0
9983,0.02564102564102564,0
9984,0.7272727272727273,1
9985,0.7222222222222222,1
9986,0.5254237288135594,1
9987,0.17721518987341772,0
9988,0.19672131147540983,0
9989,0.33112582781456956,0
9990,0.2756756756756757,0
9991,0.17721518987341772,0
9992,0.17721518987341772,0
9993,0.13157894736842105,0
9994,0.19672131147540983,0
9995,0.125,0
9996,0.17721518987341772,0
9997,0.33112582781456956,0
9998,0.13157894736842105,0
9999,0.2756756756756757,0
10000,0.17721518987341772,0
10001,0.027777777777777776,0
10002,0.13157894736842105,0
10003,0.33112582781456956,0
10004,0.027777777777777776,0
10005,0.0,0
10006,0.33112582781456956,0
10007,0.7222222222222222,1
10008,0.7222222222222222,1
10009,0.125,0
10010,0.17721518987341772,0
10011,0.19672131147540983,0
10012,0.5254237288135594,1
10013,0.2962962962962963,0
10014,0.17721518987341772,0
10015,0.125,0
10016,0.2756756756756757,0
10017,0.5254237288135594,1
10018,0.33112582781456956,0
10019,0.17721518987341772,0
10020,0.2962962962962963,0
10021,0.7222222222222222,1
10022,0.2756756756756757,0
10023,0.2756756756756757,0
10024,0.5079365079365079,1
10025,0.2756756756756757,0
10026,0.7272727272727273,1
10027,0.02564102564102564,0
10028,0.027777777777777776,0
10029,0.5254237288135594,1
10030,0.33112582781456956,0
10031,0.2756756756756757,0
10032,0.2756756756756757,0
10033,0.5555555555555556,1
10034,0.027777777777777776,0
10035,0.17721518987341772,0
10036,0.5254237288135594,1
10037,0.19672131147540983,0
10038,0.19718309859154928,0
10039,0.0,0
10040,0.7272727272727273,1
10041,0.7272727272727273,1
10042,0.19672131147540983,0
10043,0.5254237288135594,1
10044,0.2756756756756757,0
10045,0.0,0
10046,0.2756756756756757,0
10047,0.5254237288135594,1
10048,0.33112582781456956,0
10049,0.125,0
10050,0.02564102564102564,0
10051,0.02564102564102564,0
10052,0.17721518987341772,0
10053,0.125,0
10054,0.13157894736842105,0
10055,0.5555555555555556,1
10056,0.2756756756756757,0
10057,0.19718309859154928,0
10058,0.027777777777777776,0
10059,0.17721518987341772,0
10060,0.33112582781456956,0
10061,0.2756756756756757,0
10062,0.2756756756756757,0
10063,0.33112582781456956,0
10064,0.2756756756756757,0
10065,0.7272727272727273,1
10066,0.2756756756756757,0
10067,0.7222222222222222,1
10068,0.5555555555555556,1
10069,0.19718309859154928,0
10070,0.2756756756756757,0
10071,0.5254237288135594,1
10072,0.125,0
10073,0.7222222222222222,1
10074,0.33112582781456956,0
10075,0.17721518987341772,0
10076,0.2756756756756757,0
10077,0.2962962962962963,0
10078,0.0,0
10079,0.2756756756756757,0
10080,0.5254237288135594,1
10081,0.5254237288135594,1
10082,0.33112582781456956,0
10083,0.17721518987341772,0
10084,0.19672131147540983,0
10085,0.02564102564102564,0
10086,0.2756756756756757,0
10087,0.5079365079365079,1
10088,0.7272727272727273,1
10089,0.7222222222222222,1
10090,0.33112582781456956,0
10091,0.2756756756756757,0
10092,0.17721518987341772,0
10093,0.13157894736842105,0
10094,0.125,0
10095,0.7222222222222222,1
10096,0.0,0
10097,0.027777777777777776,0
10098,0.125,0
10099,0.33112582781456956,0
10100,0.2756756756756757,0
10101,0.0,0
10102,0.19718309859154928,0
10103,0.19672131147540983,0
10104,0.125,0
10105,0.02564102564102564,0
10106,0.696969696969697,1
10107,0.5254237288135594,1
10108,0.13157894736842105,0
10109,0.2756756756756757,0
10110,0.7234882099238965,1
10111,0.19672131147540983,0
10112,0.14285714285714285,0
10113,0.02564102564102564,0
10114,0.7222222222222222,1
10115,0.17721518987341772,0
10116,0.5079365079365079,1
10117,0.02564102564102564,0
10118,0.17721518987341772,0
10119,0.5079365079365079,1
10120,0.0,0
10121,0.125,0
10122,0.125,0
10123,0.0,0
10124,0.02564102564102564,0
10125,0.125,0
10126,0.2756756756756757,0
10127,0.7272727272727273,1
10128,0.5254237288135594,1
10129,0.02564102564102564,0
10130,0.17721518987341772,0
10131,0.2756756756756757,0
10132,0.13157894736842105,0
10133,0.19672131147540983,0
10134,0.19718309859154928,0
10135,0.33112582781456956,0
10136,0.2962962962962963,0
10137,0.5254237288135594,1
10138,0.5254237288135594,1
10139,0.5254237288135594,1
10140,0.5254237288135594,1
10141,0.027777777777777776,0
10142,0.125,0
10143,0.19718309859154928,0
10144,0.5254237288135594,1
10145,0.7222222222222222,1
10146,0.5555555555555556,1
10147,0.5254237288135594,1
10148,0.5254237288135594,1
10149,0.2756756756756757,0
10150,0.19718309859154928,0
10151,0.19672131147540983,0
10152,0.2756756756756757,0
10153,0.17721518987341772,0
10154,0.125,0
10155,0.17721518987341772,0
10156,0.33112582781456956,0
10157,0.42834394777348095,0
10158,0.027777777777777776,0
10159,0.33112582781456956,0
10160,0.2756756756756757,0
10161,0.33112582781456956,0
10162,0.17721518987341772,0
10163,0.19672131147540983,0
10164,0.2756756756756757,0
10165,0.19718309859154928,0
10166,0.1270923048415044,0
10167,0.33112582781456956,0
10168,0.0,0
10169,0.19718309859154928,0
10170,0.2756756756756757,0
10171,0.19718309859154928,0
10172,0.7222222222222222,1
10173,0.33112582781456956,0
10174,0.5079365079365079,1
10175,0.2962962962962963,0
10176,0.2756756756756757,0
10177,0.027777777777777776,0
10178,0.7272727272727273,1
10179,0.5254237288135594,1
10180,0.33112582781456956,0
10181,0.027777777777777776,0
10182,0.33112582781456956,0
10183,0.2756756756756757,0
10184,0.17721518987341772,0
10185,0.33112582781456956,0
10186,0.02564102564102564,0
10187,0.17721518987341772,0
10188,0.2756756756756757,0
10189,0.19672131147540983,0
10190,0.2756756756756757,0
10191,0.027777777777777776,0
10192,0.02564102564102564,0
10193,0.027777777777777776,0
10194,0.7272727272727273,1
10195,0.5079365079365079,1
10196,0.33112582781456956,0
10197,0.7222222222222222,1
10198,0.0,0
10199,0.2756756756756757,0
10200,0.7272727272727273,1
10201,0.19718309859154928,0
10202,0.19718309859154928,0
10203,0.33112582781456956,0
10204,0.19672131147540983,0
10205,0.0,0
10206,0.19672131147540983,0
10207,0.2756756756756757,0
10208,0.5079365079365079,1
10209,0.33112582781456956,0
10210,0.02564102564102564,0
10211,0.7272727272727273,1
10212,0.5254237288135594,1
10213,0.33112582781456956,0
10214,0.17721518987341772,0
10215,0.33112582781456956,0
10216,0.125,0
10217,0.125,0
10218,0.5079365079365079,1
10219,0.5254237288135594,1
10220,0.02564102564102564,0
10221,0.13157894736842105,0
10222,0.5079365079365079,1
10223,0.2756756756756757,0
10224,0.17721518987341772,0
10225,0.2962962962962963,0
10226,0.2962962962962963,0
10227,0.2962962962962963,0
10228,0.0,0
10229,0.2962962962962963,0
10230,0.696969696969697,1
10231,0.2962962962962963,0
10232,0.125,0
10233,0.5079365079365079,1
10234,0.2756756756756757,0
10235,0.5079365079365079,1
10236,0.7222222222222222,1
10237,0.5079365079365079,1
10238,0.33112582781456956,0
10239,0.2756756756756757,0
10240,0.13157894736842105,0
10241,0.2756756756756757,0
10242,0.5555555555555556,1
10243,0.696969696969697,1
10244,0.33112582781456956,0
10245,0.33112582781456956,0
10246,0.33112582781456956,0
10247,0.19672131147540983,0
10248,0.14285714285714285,0
10249,0.33112582781456956,0
10250,0.19718309859154928,0
10251,0.33112582781456956,0
10252,0.33112582781456956,0
10253,0.2756756756756757,0
10254,0.125,0
10255,0.7222222222222222,1
10256,0.2962962962962963,0
10257,0.02564102564102564,0
10258,0.14285714285714285,0
10259,0.19672131147540983,0
10260,0.17721518987341772,0
10261,0.19718309859154928,0
10262,0.17721518987341772,0
10263,0.14285714285714285,0
10264,0.5254237288135594,1
10265,0.5254237288135594,1
10266,0.33112582781456956,0
10267,0.5254237288135594,1
10268,0.125,0
10269,0.5254237288135594,1
10270,0.125,0
10271,0.33112582781456956,0
10272,0.33112582781456956,0
10273,0.5254237288135594,1
10274,0.5555555555555556,1
10275,0.33112582781456956,0
10276,0.0,0
10277,0.19718309859154928,0
10278,0.17721518987341772,0
10279,0.2756756756756757,0
10280,0.02564102564102564,0
10281,0.13157894736842105,0
10282,0.027777777777777776,0
10283,0.7272727272727273,1
10284,0.02564102564102564,0
10285,0.5254237288135594,1
10286,0.125,0
10287,0.5254237288135594,1
10288,0.13157894736842105,0
10289,0.696969696969697,1
10290,0.19672131147540983,0
10291,0.2756756756756757,0
10292,0.02564102564102564,0
10293,0.7222222222222222,1
10294,0.027777777777777776,0
10295,0.2756756756756757,0
10296,0.33112582781456956,0
10297,0.19718309859154928,0
10298,0.0,0
10299,0.19672131147540983,0
10300,0.33112582781456956,0
10301,0.5254237288135594,1
10302,0.5254237288135594,1
10303,0.2756756756756757,0
10304,0.33112582781456956,0
10305,0.14285714285714285,0
10306,0.5254237288135594,1
10307,0.125,0
10308,0.5254237288135594,1
10309,0.7272727272727273,1
10310,0.33112582781456956,0
10311,0.696969696969697,1
10312,0.125,0
10313,0.33112582781456956,0
10314,0.19718309859154928,0
10315,0.14285714285714285,0
10316,0.33112582781456956,0
10317,0.5555555555555556,1
10318,0.2756756756756757,0
10319,0.19718309859154928,0
10320,0.7272727272727273,1
10321,0.17721518987341772,0
10322,0.5254237288135594,1
10323,0.5079365079365079,1
10324,0.2756756756756757,0
10325,0.17721518987341772,0
10326,0.02564102564102564,0
10327,0.2756756756756757,0
10328,0.13157894736842105,0
10329,0.19672131147540983,0
10330,0.15354892557015962,0
10331,0.125,0
10332,0.5079365079365079,1
10333,0.027777777777777776,0
10334,0.5254237288135594,1
10335,0.5254237288135594,1
10336,0.5079365079365079,1
10337,0.7222222222222222,1
10338,0.2756756756756757,0
10339,0.14285714285714285,0
10340,0.19672131147540983,0
10341,0.2756756756756757,0
10342,0.2756756756756757,0
10343,0.2756756756756757,0
10344,0.2756756756756757,0
10345,0.17721518987341772,0
10346,0.027777777777777776,0
10347,0.5079365079365079,1
10348,0.696969696969697,1
10349,0.2756756756756757,0
10350,0.2756756756756757,0
10351,0.2756756756756757,0
10352,0.5079365079365079,1
10353,0.17721518987341772,0
10354,0.19718309859154928,0
10355,0.17721518987341772,0
10356,0.5079365079365079,1
10357,0.5254237288135594,1
10358,0.7272727272727273,1
10359,0.027777777777777776,0
10360,0.5254237288135594,1
10361,0.33112582781456956,0
10362,0.7272727272727273,1
10363,0.2962962962962963,0
10364,0.7272727272727273,1
10365,0.2756756756756757,0
10366,0.33112582781456956,0
10367,0.19718309859154928,0
10368,0.14285714285714285,0
10369,0.19718309859154928,0
10370,0.33112582781456956,0
10371,0.17721518987341772,0
10372,0.2756756756756757,0
10373,0.33112582781456956,0
10374,0.7272727272727273,1
10375,0.2962962962962963,0
10376,0.027777777777777776,0
10377,0.02564102564102564,0
10378,0.0,0
10379,0.5254237288135594,1
10380,0.696969696969697,1
10381,0.2756756756756757,0
10382,0.2756756756756757,0
10383,0.17721518987341772,0
10384,0.13157894736842105,0
10385,0.2756756756756757,0
10386,0.02564102564102564,0
10387,0.14285714285714285,0
10388,0.02564102564102564,0
10389,0.5254237288135594,1
10390,0.19672131147540983,0
10391,0.0,0
10392,0.5254237288135594,1
10393,0.33112582781456956,0
10394,0.17721518987341772,0
10395,0.19718309859154928,0
10396,0.2756756756756757,0
10397,0.2962962962962963,0
10398,0.17721518987341772,0
10399,0.33112582781456956,0
10400,0.7272727272727273,1
10401,0.2756756756756757,0
10402,0.19672131147540983,0
10403,0.33112582781456956,0
10404,0.5555555555555556,1
10405,0.2756756756756757,0
10406,0.2756756756756757,0
10407,0.33112582781456956,0
10408,0.027777777777777776,0
10409,0.2756756756756757,0
10410,0.02564102564102564,0
10411,0.2756756756756757,0
10412,0.5079365079365079,1
10413,0.2756756756756757,0
10414,0.2756756756756757,0
10415,0.5254237288135594,1
10416,0.027777777777777776,0
10417,0.5079365079365079,1
10418,0.2962962962962963,0
10419,0.125,0
10420,0.125,0
10421,0.33112582781456956,0
10422,0.696969696969697,1
10423,0.7272727272727273,1
10424,0.02564102564102564,0
10425,0.2756756756756757,0
10426,0.19672131147540983,0
10427,0.33112582781456956,0
10428,0.7272727272727273,1
10429,0.33112582781456956,0
10430,0.5254237288135594,1
10431,0.2756756756756757,0
10432,0.5555555555555556,1
10433,0.2756756756756757,0
10434,0.7222222222222222,1
10435,0.17721518987341772,0
10436,0.2756756756756757,0
10437,0.33112582781456956,0
10438,0.2756756756756757,0
10439,0.2756756756756757,0
10440,0.13157894736842105,0
10441,0.33112582781456956,0
10442,0.17721518987341772,0
10443,0.7272727272727273,1
10444,0.2756756756756757,0
10445,0.7272727272727273,1
10446,0.2756756756756757,0
10447,0.5254237288135594,1
10448,0.7272727272727273,1
10449,0.5254237288135594,1
10450,0.125,0
10451,0.7272727272727273,1
10452,0.33112582781456956,0
10453,0.027777777777777776,0
10454,0.33112582781456956,0
10455,0.5079365079365079,1
10456,0.7222222222222222,1
10457,0.2756756756756757,0
10458,0.125,0
10459,0.19672131147540983,0
10460,0.2756756756756757,0
10461,0.7272727272727273,1
10462,0.33112582781456956,0
10463,0.19672131147540983,0
10464,0.33112582781456956,0
10465,0.17721518987341772,0
10466,0.33112582781456956,0
10467,0.696969696969697,1
10468,0.33112582781456956,0
10469,0.14285714285714285,0
10470,0.19718309859154928,0
10471,0.33112582781456956,0
10472,0.2962962962962963,0
10473,0.7272727272727273,1
10474,0.33112582781456956,0
10475,0.5254237288135594,1
10476,0.02564102564102564,0
10477,0.2756756756756757,0
10478,0.19718309859154928,0
10479,0.696969696969697,1
10480,0.7272727272727273,1
10481,0.5254237288135594,1
10482,0.125,0
10483,0.2756756756756757,0
10484,0.17721518987341772,0
10485,0.2756756756756757,0
10486,0.17721518987341772,0
10487,0.19672131147540983,0
10488,0.02564102564102564,0
10489,0.5079365079365079,1
10490,0.19718309859154928,0
10491,0.02564102564102564,0
10492,0.13157894736842105,0
10493,0.17721518987341772,0
10494,0.19718309859154928,0
10495,0.2756756756756757,0
10496,0.7272727272727273,1
10497,0.33112582781456956,0
10498,0.125,0
10499,0.19672131147540983,0
10500,0.2756756756756757,0
10501,0.2756756756756757,0
10502,0.19718309859154928,0
10503,0.13157894736842105,0
10504,0.5254237288135594,1
10505,0.33112582781456956,0
10506,0.33112582781456956,0
10507,0.5254237288135594,1
10508,0.7272727272727273,1
10509,0.17721518987341772,0
10510,0.2756756756756757,0
10511,0.17721518987341772,0
10512,0.19718309859154928,0
10513,0.33112582781456956,0
10514,0.5254237288135594,1
10515,0.17721518987341772,0
10516,0.33112582781456956,0
10517,0.19718309859154928,0
10518,0.02564102564102564,0
10519,0.5254237288135594,1
10520,0.02564102564102564,0
10521,0.2756756756756757,0
10522,0.125,0
10523,0.17721518987341772,0
10524,0.7222222222222222,1
10525,0.2756756756756757,0
10526,0.7272727272727273,1
10527,0.2756756756756757,0
10528,0.2756756756756757,0
10529,0.19672131147540983,0
10530,0.5079365079365079,1
10531,0.33112582781456956,0
10532,0.33112582781456956,0
10533,0.2756756756756757,0
10534,0.5254237288135594,1
10535,0.19672131147540983,0
10536,0.2756756756756757,0
10537,0.027777777777777776,0
10538,0.125,0
10539,0.13157894736842105,0
10540,0.2756756756756757,0
10541,0.125,0
10542,0.19718309859154928,0
10543,0.2756756756756757,0
10544,0.2756756756756757,0
10545,0.33112582781456956,0
10546,0.19718309859154928,0
10547,0.02564102564102564,0
10548,0.33112582781456956,0
10549,0.19152758906713133,0
10550,0.13157894736842105,0
10551,0.696969696969697,1
10552,0.33112582781456956,0
10553,0.33112582781456956,0
10554,0.2756756756756757,0
10555,0.5254237288135594,1
10556,0.2756756756756757,0
10557,0.2756756756756757,0
10558,0.2756756756756757,0
10559,0.125,0
10560,0.696969696969697,1
10561,0.17721518987341772,0
10562,0.02564102564102564,0
10563,0.33112582781456956,0
10564,0.14285714285714285,0
10565,0.5254237288135594,1
10566,0.7272727272727273,1
10567,0.027777777777777776,0
10568,0.2756756756756757,0
10569,0.14285714285714285,0
10570,0.18123217991928717,0
10571,0.33112582781456956,0
10572,0.2962962962962963,0
10573,0.027777777777777776,0
10574,0.027777777777777776,0
10575,0.7272727272727273,1
10576,0.5254237288135594,1
10577,0.14285714285714285,0
10578,0.5555555555555556,1
10579,0.17721518987341772,0
10580,0.5079365079365079,1
10581,0.125,0
10582,0.19718309859154928,0
10583,0.14285714285714285,0
10584,0.0,0
10585,0.7272727272727273,1
10586,0.027777777777777776,0
10587,0.125,0
10588,0.33112582781456956,0
10589,0.33112582781456956,0
10590,0.7272727272727273,1
10591,0.17721518987341772,0
10592,0.5254237288135594,1
10593,0.696969696969697,1
10594,0.33112582781456956,0
10595,0.14285714285714285,0
10596,0.33112582781456956,0
10597,0.125,0
10598,0.33112582781456956,0
10599,0.19672131147540983,0
10600,0.17681948738774234,0
10601,0.33112582781456956,0
10602,0.19718309859154928,0
10603,0.027777777777777776,0
10604,0.5079365079365079,1
10605,0.696969696969697,1
10606,0.2756756756756757,0
10607,0.33112582781456956,0
10608,0.5079365079365079,1
10609,0.02564102564102564,0
10610,0.2962962962962963,0
10611,0.2756756756756757,0
10612,0.5254237288135594,1
10613,0.5555555555555556,1
10614,0.2756756756756757,0
10615,0.125,0
10616,0.14285714285714285,0
10617,0.125,0
10618,0.5254237288135594,1
10619,0.0,0
10620,0.2756756756756757,0
10621,0.2756756756756757,0
10622,0.14285714285714285,0
10623,0.125,0
10624,0.7222222222222222,1
10625,0.33112582781456956,0
10626,0.2756756756756757,0
10627,0.33112582781456956,0
10628,0.5079365079365079,1
10629,0.7272727272727273,1
10630,0.19718309859154928,0
10631,0.5079365079365079,1
10632,0.5079365079365079,1
10633,0.0,0
10634,0.02564102564102564,0
10635,0.19718309859154928,0
10636,0.125,0
10637,0.19718309859154928,0
10638,0.33112582781456956,0
10639,0.027777777777777776,0
10640,0.5254237288135594,1
10641,0.19672131147540983,0
10642,0.125,0
10643,0.5254237288135594,1
10644,0.7222222222222222,1
10645,0.0,0
10646,0.02564102564102564,0
10647,0.5079365079365079,1
10648,0.17721518987341772,0
10649,0.5254237288135594,1
10650,0.2756756756756757,0
10651,0.5254237288135594,1
10652,0.19718309859154928,0
10653,0.696969696969697,1
10654,0.6271306177960397,1
10655,0.17721518987341772,0
10656,0.33112582781456956,0
10657,0.7272727272727273,1
10658,0.2756756756756757,0
10659,0.33112582781456956,0
10660,0.2756756756756757,0
10661,0.02564102564102564,0
10662,0.17721518987341772,0
10663,0.7272727272727273,1
10664,0.13157894736842105,0
10665,0.2756756756756757,0
10666,0.02564102564102564,0
10667,0.14285714285714285,0
10668,0.5254237288135594,1
10669,0.696969696969697,1
10670,0.5254237288135594,1
10671,0.2756756756756757,0
10672,0.2756756756756757,0
10673,0.2756756756756757,0
10674,0.33112582781456956,0
10675,0.2962962962962963,0
10676,0.7272727272727273,1
10677,0.13157894736842105,0
10678,0.2756756756756757,0
10679,0.5254237288135594,1
10680,0.09495510065394797,0
10681,0.125,0
10682,0.027777777777777776,0
10683,0.17721518987341772,0
10684,0.5254237288135594,1
10685,0.5254237288135594,1
10686,0.17721518987341772,0
10687,0.0,0
10688,0.2756756756756757,0
10689,0.7272727272727273,1
10690,0.33112582781456956,0
10691,0.17721518987341772,0
10692,0.3718982368367887,0
10693,0.7272727272727273,1
10694,0.19672131147540983,0
10695,0.5254237288135594,1
10696,0.14285714285714285,0
10697,0.2756756756756757,0
10698,0.33112582781456956,0
10699,0.33112582781456956,0
10700,0.14285714285714285,0
10701,0.19718309859154928,0
10702,0.2756756756756757,0
10703,0.5254237288135594,1
10704,0.2962962962962963,0
10705,0.02564102564102564,0
10706,0.19672131147540983,0
10707,0.125,0
10708,0.5079365079365079,1
10709,0.19718309859154928,0
10710,0.19718309859154928,0
10711,0.13157894736842105,0
10712,0.5254237288135594,1
10713,0.5254237288135594,1
10714,0.33112582781456956,0
10715,0.19718309859154928,0
10716,0.5254237288135594,1
10717,0.3208479030480707,0
10718,0.02564102564102564,0
10719,0.2756756756756757,0
10720,0.7251571904386334,1
10721,0.5254237288135594,1
10722,0.33112582781456956,0
10723,0.696969696969697,1
10724,0.12849547190619764,0
10725,0.2756756756756757,0
10726,0.2756756756756757,0
10727,0.0,0
10728,0.7272727272727273,1
10729,0.2906497493337792,0
10730,0.19718309859154928,0
10731,0.19672131147540983,0
10732,0.33112582781456956,0
10733,0.027777777777777776,0
10734,0.0,0
10735,0.7222222222222222,1
10736,0.5254237288135594,1
10737,0.19718309859154928,0
10738,0.33112582781456956,0
10739,0.33112582781456956,0
10740,0.5254237288135594,1
10741,0.2756756756756757,0
10742,0.027777777777777776,0
10743,0.17721518987341772,0
10744,0.2756756756756757,0
10745,0.2756756756756757,0
10746,0.17721518987341772,0
10747,0.02564102564102564,0
10748,0.696969696969697,1
10749,0.7272727272727273,1
10750,0.5254237288135594,1
10751,0.13157894736842105,0
10752,0.33112582781456956,0
10753,0.02564102564102564,0
10754,0.125,0
10755,0.2756756756756757,0
10756,0.33112582781456956,0
10757,0.33112582781456956,0
10758,0.0,0
10759,0.2756756756756757,0
10760,0.027777777777777776,0
10761,0.5254237288135594,1
10762,0.19718309859154928,0
10763,0.0,0
10764,0.33112582781456956,0
10765,0.027777777777777776,0
10766,0.17721518987341772,0
10767,0.5079365079365079,1
10768,0.7236106095026948,1
10769,0.33112582781456956,0
10770,0.5079365079365079,1
10771,0.19672131147540983,0
10772,0.02564102564102564,0
10773,0.02564102564102564,0
10774,0.19672131147540983,0
10775,0.125,0
10776,0.6427800640526865,1
10777,0.5079365079365079,1
10778,0.5254237288135594,1
10779,0.696969696969697,1
10780,0.5254237288135594,1
10781,0.14285714285714285,0
10782,0.2756756756756757,0
10783,0.19672131147540983,0
10784,0.33112582781456956,0
10785,0.14285714285714285,0
10786,0.17721518987341772,0
10787,0.13157894736842105,0
10788,0.33112582781456956,0
10789,0.0,0
10790,0.125,0
10791,0.7222222222222222,1
10792,0.7222222222222222,1
10793,0.2756756756756757,0
10794,0.7272727272727273,1
10795,0.2756756756756757,0
10796,0.125,0
10797,0.19718309859154928,0
10798,0.2756756756756757,0
10799,0.125,0
10800,0.17721518987341772,0
10801,0.33112582781456956,0
10802,0.2756756756756757,0
10803,0.5254237288135594,1
10804,0.33112582781456956,0
10805,0.5079365079365079,1
10806,0.19672131147540983,0
10807,0.33112582781456956,0
10808,0.5254237288135594,1
10809,0.02564102564102564,0
10810,0.7222222222222222,1
10811,0.17721518987341772,0
10812,0.2756756756756757,0
10813,0.2756756756756757,0
10814,0.33112582781456956,0
10815,0.33112582781456956,0
10816,0.5254237288135594,1
10817,0.125,0
10818,0.19718309859154928,0
10819,0.33112582781456956,0
10820,0.19718309859154928,0
10821,0.5079365079365079,1
10822,0.125,0
10823,0.5079365079365079,1
10824,0.17721518987341772,0
10825,0.7272727272727273,1
10826,0.17721518987341772,0
10827,0.33112582781456956,0
10828,0.7272727272727273,1
10829,0.696969696969697,1
10830,0.5555555555555556,1
10831,0.2756756756756757,0
10832,0.2756756756756757,0
10833,0.19718309859154928,0
10834,0.14285714285714285,0
10835,0.0,0
10836,0.19718309859154928,0
10837,0.33112582781456956,0
10838,0.0,0
10839,0.7272727272727273,1
10840,0.7272727272727273,1
10841,0.19718309859154928,0
10842,0.2756756756756757,0
10843,0.2962962962962963,0
10844,0.19718309859154928,0
10845,0.2756756756756757,0
10846,0.33112582781456956,0
10847,0.14285714285714285,0
10848,0.7270706105947672,1
10849,0.2756756756756757,0
10850,0.0,0
10851,0.7222222222222222,1
10852,0.14285714285714285,0
10853,0.2756756756756757,0
10854,0.33112582781456956,0
10855,0.5254237288135594,1
10856,0.5079365079365079,1
10857,0.2756756756756757,0
10858,0.33112582781456956,0
10859,0.17721518987341772,0
10860,0.17721518987341772,0
10861,0.33112582781456956,0
10862,0.125,0
10863,0.2756756756756757,0
